,Content,predicted_phrases
0,00024_04965.txt,
1,00030_08877.txt,no bebida detected
2,00050_05750.txt,
3,00057_04788.txt,"Slogans	142	151
Black-and-White_Fallacy	97	137
Bandwagon	75	89
Doubt	153	179
Exaggeration,Minimisation	2	21
"
4,00085_01092.txt,
5,00106_06678.txt,"Doubt	17	30
"
6,00110_07414.txt,
7,00111_07411.txt,
8,00114_06197.txt,
9,00122_00657.txt,
10,00131_00214.txt,
11,00140_03617.txt,"Black-and-White_Fallacy	274	392
Loaded_Language	165	198
Loaded_Language	407	434
Loaded_Language	510	526
Loaded_Language	186	200
Appeal_to_Authority	450	514
Loaded_Language	235	261
"
12,00141_05998.txt,
13,00142_06814.txt,"Reductio_ad_hitlerum	35	47
Exaggeration,Minimisation	93	110
Exaggeration,Minimisation	113	146
Loaded_Language	124	132
"
14,00152_05775.txt,
15,00159_01332.txt,"Exaggeration,Minimisation	107	136
"
16,00175_09016.txt,
17,00192_07660.txt,
18,00205_02094.txt,"Exaggeration,Minimisation	38	51
Exaggeration,Minimisation	52	64
Loaded_Language	38	43
"
19,00206_05048.txt,"Exaggeration,Minimisation	106	141
Exaggeration,Minimisation	5	32
Exaggeration,Minimisation	0	2
Exaggeration,Minimisation	34	62
"
20,00215_06538.txt,
21,00217_02980.txt,"Appeal_to_fear-prejudice	228	295
Exaggeration,Minimisation	358	386
Exaggeration,Minimisation	159	188
"
22,00219_03096.txt,
23,00239_04271.txt,
24,00246_03331.txt,
25,00251_04488.txt,"Loaded_Language	187	200
Exaggeration,Minimisation	354	407
Doubt	23	38
"
26,00260_05414.txt,
27,00281_08223.txt,
28,00296_00654.txt,
29,00301_02068.txt,
30,00314_00222.txt,"Exaggeration,Minimisation	287	317
"
31,00317_00238.txt,"Loaded_Language	246	263
Successfully uploaded!"
32,00318_09669.txt,"Exaggeration,Minimisation	0	23
"
33,00339_07749.txt,"Exaggeration,Minimisation	282	340
"
34,00349_00495.txt,"Exaggeration,Minimisation	24	45
"
35,00362_08129.txt,
36,00368_05928.txt,
37,00377_05067.txt,"Loaded_Language	2	25
Exaggeration,Minimisation	332	386
Exaggeration,Minimisation	172	309
"
38,00386_05219.txt,
39,00388_07119.txt,
40,00396_00668.txt,
41,00397_00736.txt,
42,00401_05181.txt,
43,00404_00382.txt,
44,00419_08219.txt,
45,00432_05361.txt,
46,00433_02721.txt,"Name_Calling,Labeling	64	105
Name_Calling,Labeling	0	11
Appeal_to_fear-prejudice	92	105
"
47,00437_07345.txt,
48,00453_08171.txt,
49,00455_02773.txt,"Straw_Men	22	40
Name_Calling,Labeling	48	64
Exaggeration,Minimisation	66	111
Loaded_Language	66	111
"
50,00477_02619.txt,"Exaggeration,Minimisation	176	190
Loaded_Language	191	207
Exaggeration,Minimisation	0	26
Exaggeration,Minimisation	243	285
"
51,00479_05683.txt,
52,00482_03880.txt,
53,00489_09039.txt,"Name_Calling,Labeling	3	22
Loaded_Language	37	49
Loaded_Language	0	25
Slogans	360	375
Loaded_Language	0	25
Name_Calling,Labeling	222	258
Loaded_Language	270	310
Slogans	70	101
Name_Calling,Labeling	53	78
Exaggeration,Minimisation	226	236
Slogans	0	25
Loaded_Language	79	110
Name_Calling,Labeling	111	136
Name_Calling,Labeling	18	27
Exaggeration,Minimisation	292	319
Repetition	235	237
Loaded_Language	72	101
Name_Calling,Labeling	121	136
Obfuscation,Intentional_Vagueness,Confusion	270	319
Exaggeration,Minimisation	13	21
Loaded_Language	25	36
Loaded_Language	28	32
Exaggeration,Minimisation	91	103
Exaggeration,Minimisation	37	49
Obfuscation,Intentional_Vagueness,Confusion	139	178
Exaggeration,Minimisation	213	223
Reductio_ad_hitlerum	164	177
Flag-Waving	289	321
Causal_Oversimplification	31	49
Loaded_Language	139	177
Exaggeration,Minimisation	243	261
Repetition	143	145
Black-and-White_Fallacy	28	32
Slogans	222	258
Name_Calling,Labeling	73	110
Loaded_Language	220	237
Exaggeration,Minimisation	235	237
Flag-Waving	37	49
"
54,00494_06720.txt,
55,00497_05385.txt,"Exaggeration,Minimisation	43	116
"
56,00509_02435.txt,
57,00534_05653.txt,
58,00553_02602.txt,"Loaded_Language	143	158
Reductio_ad_hitlerum	375	393
"
59,00572_03442.txt,
60,00582_04944.txt,
61,00584_05470.txt,now propaganda detected
62,00593_04933.txt,
63,00611_07845.txt,
64,00643_01650.txt,
65,00674_03988.txt,
66,00689_04099.txt,
67,00692_07708.txt,"Exaggeration,Minimisation	8	22
"
68,00694_02816.txt,"Exaggeration,Minimisation	813	847
Loaded_Language	471	490
Repetition	959	967
Loaded_Language	1229	1245
Loaded_Language	1899	1925
Flag-Waving	59	114
Exaggeration,Minimisation	740	777
Loaded_Language	1097	1109
Loaded_Language	1670	1691
Causal_Oversimplification	1868	1901
"
69,00707_08697.txt,"Exaggeration,Minimisation	120	159
Exaggeration,Minimisation	30	51
Exaggeration,Minimisation	40	49
Black-and-White_Fallacy	307	360
Exaggeration,Minimisation	193	281
Flag-Waving	193	281
Exaggeration,Minimisation	63	117
Exaggeration,Minimisation	451	485
Exaggeration,Minimisation	671	761
Exaggeration,Minimisation	561	642
Exaggeration,Minimisation	489	496
Slogans	551	556
Exaggeration,Minimisation	72	123
Appeal_to_fear-prejudice	801	829
Exaggeration,Minimisation	6	17
"
70,00722_08083.txt,"Exaggeration,Minimisation	157	184
Exaggeration,Minimisation	0	31
"
71,00743_00726.txt,"Flag-Waving	66	157
Black-and-White_Fallacy	1597	1644
Slogans	474	502
Straw_Men	72	279
Exaggeration,Minimisation	719	779
Exaggeration,Minimisation	1431	1513
Appeal_to_fear-prejudice	770	823
Loaded_Language	1408	1447
Loaded_Language	821	823
Slogans	169	274
Loaded_Language	1318	1344
"
72,00744_09035.txt,"appeal_to_fear-prejudice	369	391
appeal_to_fear-prejudice	163	182
appeal_to_fear-prejudice	46	75
exaggeration,minimisation	82	163
Loaded_Language	87	96
"
73,00749_08842.txt,
74,00755_03970.txt,
75,00759_05160.txt,"Exaggeration,Minimisation	158	176
Exaggeration,Minimisation	184	200
Appeal_to_fear-prejudice	203	228
"
76,00766_01651.txt,"Loaded_Language	79	111
Doubt	238	295
Causal_Oversimplification	80	107
Loaded_Language	218	237
Causal_Oversimplification	112	146
"
77,00778_02718.txt,"Causal_Oversimplification	15	38
"
78,00779_05445.txt,
79,00783_00972.txt,
80,00787_01138.txt,
81,00796_06066.txt,
82,00815_08005.txt,
83,00818_08242.txt,"Exaggeration,Minimisation	31	95
Exaggeration,Minimisation	104	134
Exaggeration,Minimisation	180	188
"
84,00879_00496.txt,"Exaggeration,Minimisation	38	88
"
85,00890_05009.txt,"Loaded_Language	396	409
Loaded_Language	67	81
Black-and-White_Fallacy	111	122
Red_Herring	240	295
Loaded_Language	294	323
Loaded_Language	324	382
Exaggeration,Minimisation	240	295
"
86,00891_02689.txt,"Loaded_Language	227	240
Loaded_Language	380	400
Exaggeration,Minimisation	61	104
Exaggeration,Minimisation	105	187
Exaggeration,Minimisation	190	203
"
87,00896_05947.txt,
88,00898_03137.txt,
89,00902_03079.txt,"Exaggeration,Minimisation	18	65
"
90,00933_01949.txt,"Exaggeration,Minimisation	9	40
Exaggeration,Minimisation	110	121
"
91,00941_03984.txt,
92,00956_04617.txt,
93,00980_06432.txt,
94,00993_06387.txt,"Repetition	2005	2011
Slogans	8988	8998
Slogans	8919	8925
Repetition	8706	8723
Loaded_Language	7556	7584
Reductio_ad_hitlerum	8008	8016
Exaggeration,Minimisation	1545	1593
Loaded_Language	5919	5977
Exaggeration,Minimisation	5979	6054
Name_Calling,Labeling	3879	3914
Exaggeration,Minimisation	6676	6758
Reductio_ad_hitlerum	6857	6881
Slogans	6723	6748
Loaded_Language	3251	3286
Loaded_Language	2883	2909
Exaggeration,Minimisation	3881	3998
Loaded_Language	2520	2582
Name_Calling,Labeling	6244	6316
Loaded_Language	1684	1812
Exaggeration,Minimisation	3586	3647
Loaded_Language	5283	5299
Slogans	91	140
Exaggeration,Minimisation	1705	1737
Loaded_Language	7851	7865
Loaded_Language	8861	8886
Slogans	340	350
Slogans	4178	4191
"
95,01007_00497.txt,"Loaded_Language	370	385
Name_Calling,Labeling	232	241
Loaded_Language	459	476
Name_Calling,Labeling	106	115
Slogans	555	563
Flag-Waving	0	23
Loaded_Language	511	537
Loaded_Language	290	315
Whataboutism	259	283
Flag-Waving	550	555
Exaggeration,Minimisation	507	551
Name_Calling,Labeling	361	385
Name_Calling,Labeling	158	172
Loaded_Language	58	74
Causal_Oversimplification	71	194
Flag-Waving	23	39
Name_Calling,Labeling	290	315
Loaded_Language	0	23
"
96,01014_04568.txt,
97,01048_06463.txt,
98,01055_01099.txt,"Exaggeration,Minimisation	14	36
Exaggeration,Minimisation	103	130
Exaggeration,Minimisation	38	60
"
99,01063_03375.txt,
100,01064_05349.txt,no southern detected
101,01077_09672.txt,"Exaggeration,Minimisation	9	53
Causal_Oversimplification	13	53
"
102,01089_04742.txt,"Loaded_Language	234	267
Causal_Oversimplification	10	99
Black-and-White_Fallacy	10	99
Loaded_Language	99	110
Name_Calling,Labeling	110	120
Slogans	0	9
Loaded_Language	200	212
Loaded_Language	0	9
"
103,01102_03531.txt,"Appeal_to_fear-prejudice	155	180
Loaded_Language	48	52
Exaggeration,Minimisation	0	20
Reductio_ad_hitlerum	3	48
Loaded_Language	0	20
"
104,08680_09512.txt,
105,08692_03401.txt,"Appeal_to_fear-prejudice	35	77
Name_Calling,Labeling	25	33
"
106,08716_01344.txt,"Obfuscation,Intentional_Vagueness,Confusion	445	503
Obfuscation,Intentional_Vagueness,Confusion	893	935
Black-and-White_Fallacy	798	912
Name_Calling,Labeling	222	229
Causal_Oversimplification	360	452
Repetition	865	892
Appeal_to_fear-prejudice	436	491
Obfuscation,Intentional_Vagueness,Confusion	1130	1172
Exaggeration,Minimisation	682	835
Name_Calling,Labeling	218	222
Exaggeration,Minimisation	275	341
Name_Calling,Labeling	1038	1046
Exaggeration,Minimisation	911	935
Name_Calling,Labeling	226	229
Slogans	916	935
Loaded_Language	50	83
Name_Calling,Labeling	428	490
Exaggeration,Minimisation	1031	1074
Doubt	292	320
Exaggeration,Minimisation	231	332
Name_Calling,Labeling	100	107
"
107,08722_04043.txt,
108,08724_06736.txt,"Loaded_Language	35	42
Loaded_Language	107	118
Name_Calling,Labeling	124	131
Exaggeration,Minimisation	170	174
Exaggeration,Minimisation	132	154
Exaggeration,Minimisation	159	169
"
109,08726_03295.txt,"Loaded_Language	25	30
Name_Calling,Labeling	31	36
"
110,08729_07723.txt,
111,08730_07442.txt,
112,08732_08581.txt,"Appeal_to_fear-prejudice	48	143
"
113,08745_04134.txt,"Exaggeration,Minimisation	499	536
"
114,08747_09054.txt,"name_calling(33, 60)
flag_waving(69, 84)
Exaggeration,Minimisation(3, 30)
Flag-Waving(3, 30)
"
115,08758_04288.txt,
116,08765_07686.txt,
117,08780_05639.txt,
118,08795_05612.txt,"Appeal_to_fear-prejudice	34	32
Exaggeration,Minimisation	77	85
"
119,08798_05119.txt,"Exaggeration,Minimisation	303	325
Exaggeration,Minimisation	751	779
Exaggeration,Minimisation	614	640
"
120,08829_02790.txt,"Exaggeration,Minimisation	151	166
Exaggeration,Minimisation	36	41
"
121,08848_08668.txt,
122,08855_04438.txt,"Exaggeration,Minimisation	7	31
"
123,08873_06191.txt,
124,08878_04343.txt,
125,08895_07877.txt,
126,article111111136.txt,"Exaggeration,Minimisation	612	631
Exaggeration,Minimisation	280	305
Loaded_Language	2364	2375
Exaggeration,Minimisation	629	630
Name_Calling,Labeling	2202	2213
Appeal_to_fear-prejudice	717	835
Loaded_Language	172	213
"
127,article694356862.txt,"Loaded_Language	2119	2141
Doubt	3454	3571
Flag-Waving	2753	2787
Loaded_Language	2618	2627
Loaded_Language	3950	3989
Flag-Waving	1622	1657
Flag-Waving	130	203
Loaded_Language	1622	1657
Appeal_to_fear-prejudice	3091	3134
Loaded_Language	2547	2580
Loaded_Language	4343	4367
Black-and-White_Fallacy	12	43
Exaggeration,Minimisation	4046	4094
Flag-Waving	1	43
Loaded_Language	3461	3470
Whataboutism	ooo1	ooou
Flag-Waving	1941	1990
Name_Calling,Labeling	4369	4404
Doubt	4479	4543
"
128,article699291100.txt,"Doubt	3071	3144
Name_Calling,Labeling	3706	3725
Exaggeration,Minimisation	4000	4048
Causal_Oversimplification	597	1013
Doubt	1918	2224
Slogans	3667	3688
Name_Calling,Labeling	2483	2495
Exaggeration,Minimisation	2986	3024
Slogans	3706	3725
Loaded_Language	1279	1299
"
129,article700461600.txt,"Black-and-White_Fallacy	4483	4548
Reductio_ad_hitlerum	6146	6180
Name_Calling,Labeling	2822	2830
Loaded_Language	4320	4351
Black-and-White_Fallacy	3574	3638
Loaded_Language	6210	6237
Reductio_ad_hitlerum	1210	1310
Loaded_Language	3893	3941
Loaded_Language	1376	1393
Loaded_Language	307	339
Whataboutism	2322	2432
Appeal_to_fear-prejudice	3124	3200
Reductio_ad_hitlerum	680	763
Black-and-White_Fallacy	2652	2761
Loaded_Language	916	943
Loaded_Language	1934	1974
Reductio_ad_hitlerum	1612	1816
Name_Calling,Labeling	45	61
Black-and-White_Fallacy	4441	4482
Exaggeration,Minimisation	5096	5186
Black-and-White_Fallacy	3119	3200
Loaded_Language	4181	4254
Loaded_Language	3107	3117
Loaded_Language	4317	4351
Loaded_Language	2131	2164
Loaded_Language	2878	2906
Loaded_Language	702	734
Exaggeration,Minimisation	94	161
Loaded_Language	2995	3035
Straw_Men	5003	5186
Loaded_Language	864	908
Loaded_Language	757	844
Name_Calling,Labeling	1677	1711
Loaded_Language	4699	4717
Appeal_to_fear-prejudice	2135	2245
Thought-terminating_Cliches	572	581
Hasty_Generalization	4288	4351
Loaded_Language	5984	6009
Loaded_Language	2273	2297
Black-and-White_Fallacy	6059	6141
Name_Calling,Labeling	2284	2295
Black-and-White_Fallacy	2832	2902
Loaded_Language	1691	1756
Black-and-White_Fallacy	81	140
Loaded_Language	2063	2108
"
130,article701933838.txt,
131,article709732928.txt,"Doubt	9770	9823
Thought-terminating_Cliches	8407	8554
Loaded_Language	4369	4399
Thought-terminating_Cliches	5401	5414
Loaded_Language	1938	1948
Loaded_Language	2121	2193
Black-and-White_Fallacy	9781	9823
Doubt	10072	10137
Flag-Waving	11092	11220
Flag-Waving	11222	11255
Loaded_Language	2046	2084
Loaded_Language	904	964
Doubt	7021	7150
Doubt	10146	10581
Doubt	9781	9823
"
132,article710100700.txt,"Loaded_Language	1258	1268
"
133,article721710340.txt,"Loaded_Language	4688	4716
Loaded_Language	4450	4474
Loaded_Language	2953	2981
"
134,article722507879.txt,"Loaded_Language	1879	1898
Loaded_Language	2416	2421
"
135,article723501118.txt,"Exaggeration,Minimisation	353	364
Exaggeration,Minimisation	2674	2738
Loaded_Language	682	695
Loaded_Language	763	784
Flag-Waving	3	32
Loaded_Language	3341	3362
Loaded_Language	381	398
Name_Calling,Labeling	1672	1689
Loaded_Language	89	116
Loaded_Language	2	5
Name_Calling,Labeling	1059	1093
Flag-Waving	978	1004
Doubt	1076	1113
Exaggeration,Minimisation	2486	2514
Exaggeration,Minimisation	3324	3359
Doubt	3294	3441
Doubt	2137	2190
Doubt	1121	1186
Loaded_Language	238	265
Doubt	2225	2264
Repetition	2674	2692
Loaded_Language	2717	2756
Exaggeration,Minimisation	2530	2586
Exaggeration,Minimisation	1885	1923
Exaggeration,Minimisation	1510	1566
Flag-Waving	1778	1806
"
136,article723537899.txt,"Loaded_Language	2245	2261
Loaded_Language	784	793
Loaded_Language	258	265
Loaded_Language	651	659
Loaded_Language	2374	2380
Doubt	2457	2534
Loaded_Language	561	577
Repetition	2222	2236
Loaded_Language	438	445
Loaded_Language	999	1006
"
137,article723793978.txt,"Repetition	836	849
Loaded_Language	883	903
Loaded_Language	2008	2044
Slogans	2018	2030
Causal_Oversimplification	1520	1637
Name_Calling,Labeling	1716	1725
Repetition	672	692
Loaded_Language	2064	2075
Loaded_Language	669	670
Exaggeration,Minimisation	1072	1121
Straw_Men	845	849
Loaded_Language	1520	1637
Doubt	1638	1686
Black-and-White_Fallacy	1404	1519
"
138,article729368012.txt,"Name_Calling,Labeling	2049	2074
Repetition	28979	28993
Loaded_Language	22304	22340
Doubt	145	478
Exaggeration,Minimisation	28979	28994
Repetition	20823	20837
Exaggeration,Minimisation	4823	4946
Causal_Oversimplification	26938	26995
Repetition	28669	28683
Repetition	3065	3077
Passive_Voice	1088	1209
Repetition	7333	7346
Appeal_to_fear-prejudice	25477	25563
Loaded_Language	27005	27075
Exaggeration,Minimisation	7988	8138
Repetition	13349	13369
Name_Calling,Labeling	6226	6250
Repetition	7956	7969
Exaggeration,Minimisation	26540	26485
"
139,article730389374.txt,"Loaded_Language	6768	6791
Loaded_Language	5282	5310
Repetition	4632	4542
Repetition	4803	4812
Repetition	6932	6923
Loaded_Language	475	600
Exaggeration,Minimisation	4205	4265
Loaded_Language	143	174
Loaded_Language	2911	2941
Repetition	5755	5746
Loaded_Language	2996	3022
Causal_Oversimplification	4267	4506
Repetition	5427	5418
Loaded_Language	4496	4542
Loaded_Language	4116	4122
Loaded_Language	5520	5544
Black-and-White_Fallacy	925	1154
"
140,article734265267.txt,"Loaded_Language	4480	4502
Exaggeration,Minimisation	3170	3209
Exaggeration,Minimisation	1667	1843
Exaggeration,Minimisation	605	624
Exaggeration,Minimisation	2805	2837
Flag-Waving	1614	1647
Flag-Waving	807	830
"
141,article735090638.txt,"Loaded_Language	235	259
Loaded_Language	876	927
Loaded_Language	911	928
Loaded_Language	765	804
Loaded_Language	1125	1175
Flag-Waving	1021	1124
Loaded_Language	604	642
Loaded_Language	1021	1082
Loaded_Language	543	566
Repetition	1407	1426
"
142,article735265649.txt,"Loaded_Language	959	981
Loaded_Language	1003	1011
Flag-Waving	2045	2071
Name_Calling,Labeling	1047	1065
Loaded_Language	1114	1137
Flag-Waving	338	392
Doubt	1871	1925
Doubt	1930	2062
Appeal_to_Authority	1483	1614
Repetition	1551	1561
Loaded_Language	1916	1962
"
143,article735815503.txt,"Loaded_Language	311	328
Loaded_Language	95	110
Loaded_Language	25	66
Loaded_Language	145	176
"
144,article735855251.txt,"Loaded_Language	4492	4512
Flag-Waving	4523	4711
"
145,article736757214.txt,"Loaded_Language	215	234
Loaded_Language	376	395
"
146,article739091070.txt,"Name_Calling,Labeling	1138	1146
Loaded_Language	68	81
Loaded_Language	1287	1307
Causal_Oversimplification	390	493
Loaded_Language	689	708
Name_Calling,Labeling	371	390
Name_Calling,Labeling	615	631
Repetition	88	93
Causal_Oversimplification	631	740
Repetition	69	81
Loaded_Language	1138	1146
Appeal_to_fear-prejudice	286	328
Name_Calling,Labeling	170	227
"
147,article740808926.txt,"Exaggeration,Minimisation	285	308
Exaggeration,Minimisation	280	283
Exaggeration,Minimisation	1277	1289
Name_Calling,Labeling	258	276
Loaded_Language	179	187
Loaded_Language	333	346
Exaggeration,Minimisation	88	106
Exaggeration,Minimisation	719	725
Exaggeration,Minimisation	5	56
Loaded_Language	72	83
Appeal_to_fear-prejudice	1148	1152
"
148,article741896049.txt,"Appeal_to_Authority	4296	4166
"
149,article7615462239.txt,"Loaded_Language	1795	1812
Exaggeration,Minimisation	1078	1114
Bandwagon	1826	1882
Loaded_Language	2346	2354
Loaded_Language	2027	2044
Repetition	1155	1165
Loaded_Language	1574	1583
Loaded_Language	1447	1461
Repetition	1895	1907
Loaded_Language	38	56
Flag-Waving	31	36
Loaded_Language	1257	1285
Loaded_Language	2537	2544
Exaggeration,Minimisation	901	1005
Loaded_Language	1683	1711
Repetition	536	546
Loaded_Language	1548	1564
Exaggeration,Minimisation	2186	2290
Loaded_Language	372	388
Loaded_Language	2616	2673
Repetition	2328	2339
Loaded_Language	902	933
Loaded_Language	998	1031
Flag-Waving	145	149
Loaded_Language	614	629
Loaded_Language	737	759
Loaded_Language	746	759
Repetition	2254	2265
Loaded_Language	2018	2044
Loaded_Language	1154	1269
Exaggeration,Minimisation	2292	2438
Flag-Waving	1548	1564
Loaded_Language	1843	1881
Loaded_Language	59	62
Doubt	1046	1102
Loaded_Language	2204	2252
Loaded_Language	1065	1114
Loaded_Language	569	588
"
150,article7625464289.txt,"Loaded_Language	3308	3319
Loaded_Language	1831	1849
Loaded_Language	94	112
Exaggeration,Minimisation	2711	2733
Loaded_Language	93	193
Slogans	1714	1760
Loaded_Language	781	792
Black-and-White_Fallacy	2371	2438
Loaded_Language	920	948
Loaded_Language	1886	1895
Exaggeration,Minimisation	1021	1062
Exaggeration,Minimisation	2941	2984
Reductio_ad_hitlerum	2439	2470
Loaded_Language	1275	1312
Black-and-White_Fallacy	1666	1713
Loaded_Language	655	694
Loaded_Language	908	935
Loaded_Language	1066	1097
Loaded_Language	309	417
Red_Herring	1164	1203
Loaded_Language	2603	2610
Loaded_Language	2208	2237
Loaded_Language	1787	1795
Loaded_Language	2287	2309
Loaded_Language	769	779
Loaded_Language	1686	1723
Black-and-White_Fallacy	529	633
"
151,article7634408719.txt,"Loaded_Language	7233	7246
Loaded_Language	7248	7264
Loaded_Language	241	257
Loaded_Language	6753	6762
Black-and-White_Fallacy	4324	4469
Loaded_Language	1346	1373
Black-and-White_Fallacy	2878	3001
Loaded_Language	1802	1820
Loaded_Language	2670	2686
Appeal_to_fear-prejudice	260	591
Black-and-White_Fallacy	6790	6809
Loaded_Language	524	543
Exaggeration,Minimisation	2915	3071
Loaded_Language	3757	3772
Loaded_Language	2219	2237
Causal_Oversimplification	6602	6762
Loaded_Language	6579	6585
Loaded_Language	3124	3143
Exaggeration,Minimisation	1375	1511
Loaded_Language	2548	2561
Loaded_Language	4002	4041
Black-and-White_Fallacy	6790	6809
Loaded_Language	4539	4559
Loaded_Language	1593	1613
Loaded_Language	6602	6743
Loaded_Language	3836	3861
"
152,article764664283.txt,"Loaded_Language	50	68
Doubt	2443	2530
Flag-Waving	1169	1192
Name_Calling,Labeling	6150	6175
Loaded_Language	2530	2831
Name_Calling,Labeling	2220	2243
Doubt	3837	4392
Doubt	5445	5786
Loaded_Language	111	145
Doubt	6759	6808
Loaded_Language	232	259
Appeal_to_fear-prejudice	1835	2236
Loaded_Language	1234	1252
Doubt	4476	4742
Name_Calling,Labeling	1373	1389
Repetition	1340	1352
Loaded_Language	5949	5980
Loaded_Language	8407	8437
Thought-terminating_Cliches	156	176
Loaded_Language	8116	8156
Whataboutism	5741	5785
Loaded_Language	5895	5918
Loaded_Language	5135	5582
Loaded_Language	2220	2241
Loaded_Language	885	1546
Loaded_Language	6461	6476
Exaggeration,Minimisation	1071	1191
"
153,article765029945.txt,"Exaggeration,Minimisation	2333	2357
Loaded_Language	1654	1694
Exaggeration,Minimisation	2370	2382
Loaded_Language	123	163
Exaggeration,Minimisation	491	506
Flag-Waving	2528	2570
Loaded_Language	2057	2155
Exaggeration,Minimisation	395	671
Loaded_Language	740	767
"
154,article765197039.txt,"Appeal_to_fear-prejudice	897	1039
Exaggeration,Minimisation	1814	1828
ंगी	107.	152.
Loaded_Language	1854	1871
Loaded_Language	136	145
Causal_Oversimplification	724	810
Name_Calling,Labeling	3056	3077
Loaded_Language	137	146
Thought-terminating_Cliches	1212	1223
Name_Calling,Labeling	977	1004
Exaggeration,Minimisation	1854	1871
Loaded_Language	2313	2335
Exaggeration,Minimisation	111	127
Loaded_Language	2264	2271
Emotional_Appeal	1828	1870
Exaggeration,Minimisation	124	126
Loaded_Language	77	89
Exaggeration,Minimisation	798	825
Exaggeration,Minimisation	3142	3165
Loaded_Language	4122	4138
Loaded_Language	4234	4257
Loaded_Language	518	537
Loaded_Language	1513	1530
Black-and-White_Fallacy	3960	3970
Appeal_to_Authority	1174	1220
Loaded_Language	4427	4448
Loaded_Language	1233	1250
Causal_Oversimplification	1563	1722
Causal_Oversimplification	4428	4669
Name_Calling,Labeling	991	1006
Exaggeration,Minimisation	3931	3959
"
155,article766084411.txt,"Flag-Waving	2639	2648
Causal_Oversimplification	1786	2132
Exaggeration,Minimisation	133	150
Loaded_Language	2374	2390
Flag-Waving	25	94
Exaggeration,Minimisation	1049	1067
Name_Calling,Labeling	1923	1935
Doubt	975	1055
Exaggeration,Minimisation	1903	1916
Exaggeration,Minimisation	539	612
Name_Calling,Labeling	1942	1954
Flag-Waving	10	23
Repetition	11	23
Loaded_Language	1414	1432
Slogans	510	537
Exaggeration,Minimisation	1987	2035
their idol	591	600
Exaggeration,Minimisation	181	231
Loaded_Language	292	301
Loaded_Language	1049	1066
Loaded_Language	67	84
Exaggeration,Minimisation	2430	2469
Causal_Oversimplification	365	461
Exaggeration,Minimisation	2643	2806
Exaggeration,Minimisation	54	85
Name_Calling,Labeling	726	769
Loaded_Language	1428	1431
Loaded_Language	242	283
Black-and-White_Fallacy	70	80
Black-and-White_Fallacy	1292	1302
Loaded_Language	8	22
Loaded_Language	559	570
Loaded_Language	1884	1895
Loaded_Language	16	20
Exaggeration,Minimisation	2430	2468
Loaded_Language	1563	1592
Loaded_Language	946	950
Exaggeration,Minimisation	496	508
Flag-Waving	2731	2775
Exaggeration,Minimisation	1343	1361
Repetition	1355	1361
 
"
156,article766632016.txt,"Doubt	10693	10716
Name_Calling,Labeling	3256	3269
Loaded_Language	10146	10210
Loaded_Language	7804	7817
Slogans	577	701
Name_Calling,Labeling	2952	2972
Doubt	12772	12803
Name_Calling,Labeling	10688	10716
Loaded_Language	4392	4425
Loaded_Language	1963	1992
Name_Calling,Labeling	685	711
Slogans	4401	4425
Causal_Oversimplification	6485	6537
Loaded_Language	4331	4391
Causal_Oversimplification	10217	10451
Repetition	1963	1992
Name_Calling,Labeling	567	609
Exaggeration,Minimisation	673	709
Name_Calling,Labeling	1591	1642
Doubt	982	1084
Repetition	5485	5502
Causal_Oversimplification	469	704
Red_Herring	530	813
Causal_Oversimplification	5548	5605
Loaded_Language	7130	7170
Exaggeration,Minimisation	3218	3341
Loaded_Language	4619	4637
Causal_Oversimplification	3009	3147
Obfuscation,Intentional_Vagueness,Confusion	8308	8880
Causal_Oversimplification	3319	3341
Causal_Oversimplification	5508	5605
Exaggeration,Minimisation	2324	2330
Causal_Oversimplification	2815	2843
Repetition	5008	5024
"
157,article767129999.txt,"Exaggeration,Minimisation	2399	2457
Doubt	2176	2210
Flag-Waving	2360	2400
Black-and-White_Fallacy	135	205
Loaded_Language	2965	2973
Loaded_Language	3056	3064
Loaded_Language	3007	3022
Loaded_Language	2176	2210
Loaded_Language	2982	2990
Exaggeration,Minimisation	1882	1896
Loaded_Language	2961	2973
Thought-terminating_Cliches	2046	2051
Exaggeration,Minimisation	850	865
"
158,article776535164.txt,
159,article7786642809.txt,"whataboutism	7262	7435
loaded_language	11022	11058
Exaggeration,Minimisation	1138	1406
Loaded_Language	2872	2995
Exaggeration,Minimisation	1156	1411
Loaded_Language	610	725
Loaded_Language	2709	2741
Name_Calling,Labeling	4761	4769
Repetition	920	931
Loaded_Language	8575	8621
Loaded_Language	10012	10051
Loaded_Language	10840	10910
Exaggeration,Minimisation	2399	2957
Loaded_Language	298	340
Exaggeration,Minimisation	6047	6457
Name_Calling,Labeling	2129	2143
Loaded_Language	2107	2126
Name_Calling,Labeling	7262	7412
Exaggeration,Minimisation	1584	1724
Name_Calling,Labeling	3090	3106
Appeal_to_fear-prejudice	6695	7028
Exaggeration,Minimisation	1193	1243
Exaggeration,Minimisation	1768	2089
Loaded_Language	10696	10725
Name_Calling,Labeling	6099	6164
Causal_Oversimplification	8597	9677
Black-and-White_Fallacy	7599	7942
Loaded_Language	4841	4849
Name_Calling,Labeling	10977	11020
Loaded_Language	8686	9878
Loaded_Language	142	218
Appeal_to_fear-prejudice	5504	6495
Loaded_Language	11062	11104
Loaded_Language	3409	3433
Flag-Waving	9211	931	-----------------------------------------------------------
Exaggeration,Minimisation	1446	1724
"
160,article779394730.txt,"Slogans	2424	2435
Flag-Waving	2386	2419
Slogans	5296	5311
Slogans	5190	5215
Sports_Metaphor	4461	4472
Causal_Oversimplification	0	100
Loaded_Language	4942	4991
Loaded_Language	5119	5139
Loaded_Language	1631	1640
Causal_Oversimplification	776	925
Causal_Oversimplification	3606	3636
Loaded_Language	4709	4729
Causal_Oversimplification	5304	5463
Slogans	263	297
Exaggeration,Minimisation	3873	3939
Exaggeration,Minimisation	5506	5545
Causal_Oversimplification	5260	5338
Name_Calling,Labeling	2323	2535
Loaded_Language	5190	5200
Loaded_Language	4930	4941
Causal_Oversimplification	3994	4328
Loaded_Language	2507	2535
Loaded_Language	4753	4785
"
161,article7804147009.txt,"Loaded_Language	2741	2766
Loaded_Language	1686	1692
Name_Calling,Labeling	6399	6405
Flag-Waving	3870	3979
Loaded_Language	3334	3372
Loaded_Language	5466	5495
Slogans	4935	4945
Loaded_Language	3717	3740
Name_Calling,Labeling	556	586
Flag-Waving	4175	4792
Slogans	7931	7946
Loaded_Language	4148	4191
Loaded_Language	4307	4314
Loaded_Language	1106	1157
Repetition	4329	4392
Loaded_Language	6365	6372
Loaded_Language	1643	1650
Causal_Oversimplification	3087	3178
Flag-Waving	4024	4063
Loaded_Language	364	383
Loaded_Language	7827	7834
Loaded_Language	5884	5891
Loaded_Language	5862	5866
Flag-Waving	4575	4602
Loaded_Language	2723	2728
Name_Calling,Labeling	965	983
Name_Calling,Labeling	87	139
Loaded_Language	0	87
Exaggeration,Minimisation	2545	2598
Flag-Waving	6498	6506
Exaggeration,Minimisation	2433	2498
Loaded_Language	2133	2205
Slogans	4749	4792
Loaded_Language	801	824
Exaggeration,Minimisation	2599	2642
Loaded_Language	3848	3855
Loaded_Language	5298	5318
Loaded_Language	5460	5495
Black-and-White_Fallacy	7803	7844
Loaded_Language	1697	1717
Loaded_Language	5336	5379
Loaded_Language	1047	1064
Loaded_Language	6704	6749
Reductio_ad_hitlerum	516	542
Loaded_Language	6736	6749
Loaded_Language	2237	2257
Loaded_Language	1402	1424
Loaded_Language	5560	5593
Loaded_Language	4777	4792
Loaded_Language	632	640
Loaded_Language	3530	3543
Loaded_Language	1195	1245
Loaded_Language	3507	3552
Loaded_Language	328	357
Loaded_Language	3755	3769
Loaded_Language	1620	1641
Reductio_ad_hitlerum	2643	2680
Flag-Waving	4853	4934
Slogans	2716	2744
Loaded_Language	834	864
"
162,article780787440.txt,"Repetition	9238	9246
Loaded_Language	6069	6077
Exaggeration,Minimisation	9170	9213
Exaggeration,Minimisation	6197	7032
Repetition	5756	5791
Loaded_Language	7306	7315
Loaded_Language	8187	8213
Loaded_Language	7341	7351
Repetition	7633	7662
Exaggeration,Minimisation	6554	6644
"
163,article785801366.txt,"Exaggeration,Minimisation	2490	2649
Loaded_Language	3369	3402
Loaded_Language	794	818
Loaded_Language	1342	1357
Exaggeration,Minimisation	3685	3756
"
164,article786731884.txt,"Exaggeration,Minimisation	2923	2981
Causal_Oversimplification	4474	4574
Reductio_ad_hitlerum	3095	3511
Exaggeration,Minimisation	1301	1542
Repetition	3493	3510
Loaded_Language	2580	2587
Reductio_ad_hitlerum	2676	2856
Loaded_Language	2930	2981
Reductio_ad_hitlerum	3742	3444
"
165,article787002327.txt,"Loaded_Language	1485	1511
Name_Calling,Labeling	1040	1055
Slogans	1058	1079
Name_Calling,Labeling	1631	1645
Exaggeration,Minimisation	2663	2827
Name_Calling,Labeling	1107	1124
Loaded_Language	7828	7864
Exaggeration,Minimisation	1107	1128
Name_Calling,Labeling	6808	6817
Obfuscation,Intentional_Vagueness,Confusion	2277	2452
Exaggeration,Minimisation	7834	7864
Reductio_ad_hitlerum	6993	7031
Loaded_Language	6208	6289
Exaggeration,Minimisation	6680	685	m
Name_Calling,Labeling	5361	5489
Name_Calling,Labeling	3928	3952
Loaded_Language	6808	6817
Loaded_Language	3138	3164
Name_Calling,Labeling	3038	3096
Loaded_Language	123	140
Exaggeration,Minimisation	615	673
Obfuscation,Intentional_Vagueness,Confusion	6090	6268
Exaggeration,Minimisation	6637	6680
Loaded_Language	5373	5387
Loaded_Language	2663	2796
Exaggeration,Minimisation	6739	6768
Exaggeration,Minimisation	5140	5373
Obfuscation,Intentional_Vagueness,Confusion	1649	2294
Appeal_to_fear-prejudice	6470	6550
Appeal_to_Authority	1703	1753
Thought-terminating_Cliches	2454	2546
Name_Calling,Labeling	348	370
Doubt	2829	2864
Doubt	3283	3971
Doubt	6808	6811
Loaded_Language	4594	4716
Appeal_to_fear-prejudice	2454	2745
Name_Calling,Labeling	615	637
Whataboutism	582	730
Loaded_Language	1436	1511
Name_Calling,Labeling	100	120
Loaded_Language	59	128
Loaded_Language	2813	2852
Exaggeration,Minimisation	1117	1125
Loaded_Language	3319	3452
Loaded_Language	407	471
Loaded_Language	2927	3096
Loaded_Language	6819	6857
Loaded_Language	4055	4205
Loaded_Language	67	128
Appeal_to_fear-prejudice	162	257
Name_Calling,Labeling	637	651
Name_Calling,Labeling	582	638
Loaded_Language	4207	4717
Obfuscation,Intentional_Vagueness,Confusion	1712	3752
Loaded_Language	163	257
Exaggeration,Minimisation	2641	2890
Name_Calling,Labeling	1107	1125
"
166,article999000124.txt,"Straw_Men	3370	3518
Loaded_Language	661	678
Exaggeration,Minimisation	2051	2177
Loaded_Language	350	360
Loaded_Language	4776	4795
"
167,article999000125.txt,"Loaded_Language	1570	1584
Salt_Bae	3248	3314
Loaded_Language	207	221
"
168,article999000133.txt,"Loaded_Language	790	818
Loaded_Language	1503	1519
Loaded_Language	1882	1913
Exaggeration,Minimisation	805	814
Name_Calling,Labeling	714	738
Black-and-White_Fallacy	1809	1847
Exaggeration,Minimisation	1655	1697
Loaded_Language	1855	1881
Exaggeration,Minimisation	1497	1575
"
169,article999000135.txt,"Loaded_Language	1386	1429
Loaded_Language	2262	2280
Black-and-White_Fallacy	2480	2681
Flag-Waving	2826	2854
Reductio_ad_hitlerum	2315	2480
Repetition	1902	1978
Loaded_Language	with strong emotional implications	1346	1380
Repetition	518	535
Thought-terminating_Cliches	1208	1220
Slogans	2856	2871
Repetition	1522	1544
Causal_Oversimplification	1431	1554
Causal_Oversimplification	622	817
Loaded_Language	2544	2649
Causal_Oversimplification	1122	1344
Thought-terminating_Cliches	1222	1338
Causal_Oversimplification	1979	2115
Repetition	319	407
Repetition	1546	1601
Exaggeration,Minimisation	663	740
Repetition	2712	2734
Thought-terminating_Cliches	727	740
Slogans	800	804
Name_Calling,Labeling	1634	1645
Name_Calling,Labeling	1984	2379
Flag-Waving	2381	2407
Doubt	1560	1594
Loaded_Language	780	797
"
170,article999000136.txt,"Slogans	1177	1258
Orwellian	2362	2447
Obfuscation,Intentional_Vagueness,Confusion	1436	1809
Exaggeration,Minimisation	1290	1368
Appeal_to_fear-prejudice	3	122
Slogans	1259	1281
Black-and-White_Fallacy	963	1044
Loaded_Language	2787	2806
Name_Calling,Labeling	3047	3062
Loaded_Language	2060	2077
Name_Calling,Labeling	185	217
Name_Calling,Labeling	2043	2077
Name_Calling,Labeling	3047	3098
Slogans	374	407
Doubt	1290	1368
Loaded_Language	1283	1324
Slogans	1200	1207
Loaded_Language	2200	2217
Doubt	1333	1352
Slogans	1083	1098
Exaggeration,Minimisation	2376	2385
Exaggeration,Minimisation	2431	2447
Loaded_Language	350	388
Exaggeration,Minimisation	3158	3194
Loaded_Language	2565	2687
"
171,article999000142.txt,"Loaded_Language	794	800
Exaggeration,Minimisation	1894	1968
Name_Calling,Labeling	468	493
Loaded_Language	841	858
Flag-Waving	1261	1318
Loaded_Language	580	596
Loaded_Language	1661	1683
Name_Calling,Labeling	1273	1294
Loaded_Language	1276	1301
Loaded_Language	1883	1892
Loaded_Language	2203	2207
Loaded_Language	323	347
Red_Herring	1755	1968
Appeal_to_fear-prejudice	2203	2235
Loaded_Language	795	800
Exaggeration,Minimisation	2455	2483
Flag-Waving	142	160
Red_Herring	719	775
Red_Herring	1969	2210
Exaggeration,Minimisation	1685	1813
Loaded_Language	1487	1500
Red_Herring	2608	2711
Causal_Oversimplification	2466	2599
Loaded_Language	2335	2365
Red_Herring	2410	2453
Red_Herring	837	858
Name_Calling,Labeling	1829	1968
Name_Calling,Labeling	2237	2501
Exaggeration,Minimisation	2630	2697
Appeal_to_fear-prejudice	276	2201
Loaded_Language	2442	2445
Loaded_Language	2307	2315
Name_Calling,Labeling	2410	2453
Appeal_to_fear-prejudice	1746	1806
Repetition	1647	1683
Name_Calling,Labeling	467	493
Loaded_Language	1815	1818
Exaggeration,Minimisation	2201	2453
"
172,article999000149.txt,"Loaded_Language	18	38
Loaded_Language	4515	4523
Exaggeration,Minimisation	1278	1368
Loaded_Language	746	748
Reductio_ad_hitlerum	1818	1836
Name_Calling,Labeling	2998	3008
Reductio_ad_hitlerum	1933	1975
Exaggeration,Minimisation	1818	1975
Slogans	0	18
Loaded_Language	1182	1198
Loaded_Language	2998	3012
Appeal_to_fear-prejudice	2278	2492
Loaded_Language	3778	3794
Loaded_Language	129	152
Loaded_Language	1268	1312
Loaded_Language	2254	2275
Loaded_Language	1199	1208
Reductio_ad_hitlerum	2254	2275
Exaggeration,Minimisation	887	1032
Exaggeration,Minimisation	39	127
Loaded_Language	679	713
Reductio_ad_hitlerum	1910	1931
Loaded_Language	3445	3494
Name_Calling,Labeling	3015	3023
Loaded_Language	1933	1950
Causal_Oversimplification	3974	4558
Loaded_Language	1474	1488
Exaggeration,Minimisation	1228	1345
Reductio_ad_hitlerum	2278	2492
Doubt	596	635
Loaded_Language	1674	1682
Loaded_Language	2494	2538
Loaded_Language	810	816
Exaggeration,Minimisation	1336	1357
Loaded_Language	4289	4341
Exaggeration,Minimisation	895	1010
Loaded_Language	4185	4210
Loaded_Language	941	946
Loaded_Language	1082	1102
Doubt	527	596
Loaded_Language	1150	1179
Loaded_Language	850	887
Loaded_Language	25	38
Loaded_Language	794	816
"
173,article999000154.txt,"Loaded_Language	153	165
Loaded_Language	328	345
Exaggeration,Minimisation	461	477
Name_Calling,Labeling	524	553
Name_Calling,Labeling	311	321
Causal_Oversimplification	555	637
Exaggeration,Minimisation	706	734
Flag-Waving	245	250
Name_Calling,Labeling	839	850
Causal_Oversimplification	59	147
Loaded_Language	572	585
Exaggeration,Minimisation	458	498
Loaded_Language	612	637
Name_Calling,Labeling	139	149
Doubt	758	766
Doubt	760	767
Doubt	774	805
Causal_Oversimplification	274	308
Doubt	838	850
Exaggeration,Minimisation	805	852
Black-and-White_Fallacy	861	924
Loaded_Language	653	680
Name_Calling,Labeling	337	346
Loaded_Language	728	734
Exaggeration,Minimisation	187	1245
Loaded_Language	403	433
Exaggeration,Minimisation	338	346
Name_Calling,Labeling	389	403
Name_Calling,Labeling	347	362
Count=105"
174,article999000155.txt,"Name_Calling,Labeling	4531	4553
Flag-Waving	51	66
Flag-Waving	2784	2824
Name_Calling,Labeling	3576	3592
Causal_Oversimplification	1118	1193
Loaded_Language	3054	3068
Loaded_Language	2741	2772
Repetition	1004	1018
Loaded_Language	4240	4284
Repetition	1073	1087
Loaded_Language	1476	1488
Loaded_Language	1545	1551
Causal_Oversimplification	3137	3376
Loaded_Language	587	599
Name_Calling,Labeling	690	714
Straw_Men	542	979
Flag-Waving	4340	4445
Loaded_Language	2696	2712
Loaded_Language	1490	1516
Loaded_Language	3199	3231
Repetition	788	805
Loaded_Language	1030	1061
Slogans	59	66
Name_Calling,Labeling	3382	3798
"
175,article999000158.txt,"Name_Calling,Labeling	2127	2135
Loaded_Language	1590	1605
Name_Calling,Labeling	3169	3182
Doubt	2223	2336
Doubt	0	297
Loaded_Language	83	98
Loaded_Language	3869	3887
Name_Calling,Labeling	3169	3183
Loaded_Language	1320	1326
Loaded_Language	3747	3752
Loaded_Language	250	260
Loaded_Language	362	375
Exaggeration,Minimisation	4153	4164
Thought-terminating_Cliches	3928	3941
Loaded_Language	1958	1980
Name_Calling,Labeling	168	280
Flag-Waving	4153	4164
Name_Calling,Labeling	35	44
Repetition	356	363
Exaggeration,Minimisation	2223	2336
Name_Calling,Labeling	2174	2190
Name_Calling,Labeling	254	285
Loaded_Language	2003	2018
Loaded_Language	367	375
Name_Calling,Labeling	0	10
Name_Calling,Labeling	2242	2256
Exaggeration,Minimisation	1993	2150
Slogans	281	285
Name_Calling,Labeling	491	506
Loaded_Language	1764	1780
Loaded_Language	3990	4013
Loaded_Language	2496	2523
Thought-terminating_Cliches	3948	3956
Loaded_Language	1713	1739
Loaded_Language	4045	4049
Loaded_Language	2323	2336
Causal_Oversimplification	2213	2336
Loaded_Language	3725	3734
Name_Calling,Labeling	4323	4334
Loaded_Language	1103	1112
Red_Herring	260	275
Slogans	330	339
Loaded_Language	1961	1980
Name_Calling,Labeling	2930	2937
Appeal_to_fear-prejudice	0	297
Doubt	375	3745
Loaded_Language	162	175
Loaded_Language	736	738
Name_Calling,Labeling	4038	4045
Name_Calling,Labeling	2990	3003
Loaded_Language	230	247
Loaded_Language	919	1015
Doubt	1015	1213
Name_Calling,Labeling	702	709
Repetition	3785	3788
Name_Calling,Labeling	1952	2021
Loaded_Language	2435	2440
Doubt	362	375
Doubt	3136	3144
Loaded_Language	2960	2975
Loaded_Language	522	531
Name_Calling,Labeling	3890	3917
Never_Fallacy	336	354
Name_Calling,Labeling	1114	1172
Name_Calling,Labeling	0	10
Name_Calling,Labeling	2988	3004
Loaded_Language	3472	3480
Loaded_Language	49	64
Appeal_to_fear-prejudice	3919	3956
Doubt	0	297
Loaded_Language	1175	1222
Loaded_Language	1042	1065
Name_Calling,Labeling	2343	2368
Loaded_Language	3357	3362
Black-and-White_Fallacy	836	870
Loaded_Language	3159	3183
Causal_Oversimplification	1103	1213
Loaded_Language	3910	3917
Loaded_Language	2720	2762
Name_Calling,Labeling	158	170
Name_Calling,Labeling	4244	4260
Loaded_Language	143	157
Loaded_Language	3169	3182
Loaded_Language	2223	2336
Repetition	537	543
Exaggeration,Minimisation	2223	2336
Loaded_Language	4045	4061
Loaded_Language	2174	2216
Repetition	463	485
Loaded_Language	2526	290
Name_Calling,Labeling	512	530
Loaded_Language	3545	3570
Loaded_Language	20	27
Loaded_Language	1920	1943
Loaded_Language	2636	2661
Loaded_Language	3910	3941
Loaded_Language	1736	1790
Appeal_to_Authority	3904	3956
Loaded_Language	279	285
Loaded_Language	1152	120
Doubt	515	799
Name_Calling,Labeling	3889	3917
Loaded_Language	14	18
Name_Calling,Labeling	1961	2105
Doubt	0	297
Exaggeration,Minimisation	38	64
Loaded_Language	3785	3792
Loaded_Language	3645	3662
Causal_Oversimplification	2990	3062
Doubt	11	297
Loaded_Language	3966	3990
Loaded_Language	26	31
Loaded_Language	30	64
Loaded_Language	2990	2988
Loaded_Language	68	90
Loaded_Language	2093	2117
Exaggeration,Minimisation	79	90
Loaded_Language	68	90
Loaded_Language	747	757
Loaded_Language	187	194
Loaded_Language	2190	2195
Slogans	2990	3002
Doubt	1114	1172
Thought-terminating_Cliches	4045	4061
Loaded_Language	779	797
Repetition	821	838
Comment	0	297
Loaded_Language	2435	2440
Exaggeration,Minimisation	0	297
"
176,article999000184.txt,"Loaded_Language	895	892
Slogans	2394	2407
Name_Calling,Labeling	215	132
Doubt	2451	2518
Slogans	1056	1075
Exaggeration,Minimisation	789	796
Causal_Oversimplification	1949	1974
Name_Calling,Labeling	2400	2407
Exaggeration,Minimisation	2681	2702
Repetition	2400	2407
Name_Calling,Labeling	1778	1785
Loaded_Language	469	481
Causal_Oversimplification	1874	1929
Exaggeration,Minimisation	1608	1675
Repetition	2387	2407
Slogans	210	227
Loaded_Language	649	657
Loaded_Language	388	404
Loaded_Language	407	412
Repetition	2425	2435
Repetition	825	843
Loaded_Language	2143	2154
Loaded_Language	264	276
Red_Herring	751	794
Causal_Oversimplification	765	817
Loaded_Language	1813	1826
Exaggeration,Minimisation	1682	1805
Appeal_to_fear-prejudice	2554	2629"
177,article999000565.txt,"Loaded_Language	412	425
No propaganda detected"
178,article999000599.txt,"Reductio_ad_hitlerum	2492	2641
Doubt	1719	1766
Slogans	882	899
Causal_Oversimplification	2680	2920
Appeal_to_fear-prejudice	2168	2490
Doubt	1766	2419
Slogans	2649	2726
Name_Calling,Labeling	1499	1517
Loaded_Language	2492	2641
Exaggeration,Minimisation	2168	2474
Causal_Oversimplification	2492	2641
Slogans	2511	2641
Loaded_Language	2754	2771
Root_syllogism	510	526
Appeal_to_fear-prejudice	2092	2142
Doubt	1815	1975
"
179,article999000675.txt,"Loaded_Language	944	955
Loaded_Language	3230	3252
Black-and-White_Fallacy	1856	1954
"
180,article999001032.txt,"Loaded_Language	1549	1571
Causal_Oversimplification	2758	2853
Loaded_Language	743	751
Flag-Waving	2855	2884
Flag-Waving	2706	2757
Loaded_Language	182	229
Doubt	2407	2463
Slogans	2510	2529
Loaded_Language	125	141
Exaggeration,Minimisation	1841	1887
Doubt	306	506
Loaded_Language	29	100
Doubt	787	1042
Loaded_Language	1568	1592
Exaggeration,Minimisation	508	686
Loaded_Language	993	1041
Exaggeration,Minimisation	224	242
Exaggeration,Minimisation	732	767
Loaded_Language	18	28
Doubt	808	871
Flag-Waving	1392	1457
Exaggeration,Minimisation	353	365
Bandwagon	1281	1414
Loaded_Language	384	418
Causal_Oversimplification	654	1026
Loaded_Language	1835	1887
Exaggeration,Minimisation	868	953
Loaded_Language	1407	1436
"
181,article999001033.txt,"Loaded_Language	6939	6948
Repetition	6912	6960
Name_Calling,Labeling	6961	6987
Flag-Waving	6862	6911
Repetition	5226	5238
Loaded_Language	6659	6870
Flag-Waving	6961	6987
"
182,article999001970.txt,"Loaded_Language	1371	1390
Name_Calling,Labeling	1661	1671
Loaded_Language	1241	1255
Exaggeration,Minimisation	1729	1773
Loaded_Language	1262	1274
Causal_Oversimplification	1288	1359
Loaded_Language	601	670
Loaded_Language	1566	1582
Loaded_Language	791	806
Exaggeration,Minimisation	522	648
Exaggeration,Minimisation	875	924
Exaggeration,Minimisation	928	948
Bandwagon	1014	1082
Exaggeration,Minimisation	408	468
Reductio_ad_hitlerum	1812	1931
Exaggeration,Minimisation	1812	1931
Exaggeration,Minimisation	1041	1082
Exaggeration,Minimisation	1739	1773
Loaded_Language	393	492
Loaded_Language	469	492
Exaggeration,Minimisation	237	353
"
