name,predicted_phrases
00024_04965.txt,
00030_08877.txt,
00050_05750.txt,
00057_04788.txt,"Loaded_Language: без боя освободили, 
Name_Calling,Labeling: ВСУшники, 
Repetition: Старобельск и Северодонецк, 
Causal_Oversimplification: Армия Киева покинула Старобельск и Северодонецк, 
Doubt: Эти данные подтверждают местные жители"
00085_01092.txt,
00106_06678.txt,
00110_07414.txt,
00111_07411.txt,
00114_06197.txt,
00122_00657.txt,
00131_00214.txt,
00140_03617.txt,"Loaded_Language: националистические батальоны, 
Loaded_Language: поражен 821 военный объект Украины, 
Loaded_Language: уничтожено 87 танков, 
Repetition: подразделения российских ВС установили полный контроль, 
Repetition: огонь ведётся только по военной инфраструктуре, 
Causal_Oversimplification: исключения провокаций со стороны Украины, 
Flag-Waving: Военнослужащие РФ предпринимают все меры для обеспечения безопасности мирных жителей"
00141_05998.txt,
00142_06814.txt,"Loaded_Language: Нацисты 'Азова', 
Loaded_Language: Защитники грёбаные, 
Name_Calling,Labeling: Нацисты 'Азова', 
Name_Calling,Labeling: Защитники грёбаные, 
Appeal_to_fear-prejudice: прячут бронетехнику во дворах В Мариуполе"
00152_05775.txt,
00159_01332.txt,"Loaded_Language: самых опасных преступников, 
Causal_Oversimplification: возможностью вернуть смертную казнь, 
Doubt: приостановку членства России в Совете Европы"
00175_09016.txt,
00192_07660.txt,
00205_02094.txt,
00206_05048.txt,
00215_06538.txt,
00217_02980.txt,"Loaded_Language: все гражданские лица, которые будут находиться на улице в период комендантского часа, будут считаться членами диверсионно-разведывательных групп врага, 
Appeal_to_fear-prejudice: Для более эффективной обороны столицы и безопасности ее жителей, 
Exaggeration,Minimisation: Все гражданские лица, которые будут находиться на улице в период комендантского часа, будут считаться членами диверсионно-разведывательных групп врага"
00219_03096.txt,
00239_04271.txt,
00246_03331.txt,
00251_04488.txt,"Loaded_Language: разгромили колонну военных из Чечни, 
Doubt: Пишут, что якобы убит соратник Кадырова Магомед Тушаев"
00260_05414.txt,
00281_08223.txt,
00296_00654.txt,Loaded_Language: разбитой колонной наших артиллеристов.
00301_02068.txt,
00314_00222.txt,
00317_00238.txt,"Loaded_Language: Глава Чечни выступил перед несколькими тысячами чеченских силовиков, 
Name_Calling,Labeling: действующим экс-президентом Украины, 
Repetition: извиниться перед Путиным"
00318_09669.txt,"Name_Calling,Labeling: Ukraine isn’t a real country."
00339_07749.txt,"Loaded_Language: развертыванием систем залпового огня в жилых кварталах, 
Doubt: раздумывает над тем, принимать ли предложение Кремля о переговорах"
00349_00495.txt,"Loaded_Language: сложили оружие и добровольно перешли на сторону ЛНР, 
Bandwagon: Подписывайся @sev_polit_takt чтобы ничего не пропустить"
00362_08129.txt,
00368_05928.txt,
00377_05067.txt,"Loaded_Language: разгромила огромную колонну военной техники, 
Exaggeration,Minimisation: и это лишь то, что попало в кадр!"
00386_05219.txt,"Loaded_Language: подогревают замерзающих военнослужащих, 
Name_Calling,Labeling: военнослужащих ВСУ, 
Exaggeration,Minimisation: замерзающих"
00388_07119.txt,
00396_00668.txt,
00397_00736.txt,"Loaded_Language: Вперёд, братья!"
00401_05181.txt,
00404_00382.txt,"Loaded_Language: Путин — это не русский народ., 
Whataboutism: русский народ хотел этого ещё в 2014."
00419_08219.txt,
00432_05361.txt,
00433_02721.txt,"Loaded_Language: настоящую угрозу миру, 
Name_Calling,Labeling: посольство КНР в России"
00437_07345.txt,
00453_08171.txt,"Loaded_Language: немедленно прекратить военные действия, 
Flag-Waving: НАТО призывает Россию"
00455_02773.txt,"Loaded_Language: уровень бардака, который творится у украинской столице, 
Causal_Oversimplification: ошибочно приняли за диверсанта"
00477_02619.txt,"Loaded_Language: ВОЕННОЕ ПРЕСТУПЛЕНИЕ, 
Loaded_Language: бьют градами, 
Loaded_Language: плотной жилой застройке, 
Loaded_Language: накрыть российскую колонну, 
Name_Calling,Labeling: ЗЕЛЕНСКОМУ ВЫСШАЯ МЕРА!!!"
00479_05683.txt,
00482_03880.txt,
00489_09039.txt,
00494_06720.txt,
00497_05385.txt,"Loaded_Language: занесенный над Россией кинжал Вашингтона, 
Name_Calling,Labeling: Вашингтона, 
Appeal_to_fear-prejudice: не может допустить превращения Украины в занесенный над Россией кинжал"
00509_02435.txt,
00534_05653.txt,
00553_02602.txt,"Loaded_Language: очередную духоподъемную дичь, 
Name_Calling,Labeling: Антифашистов, 
Exaggeration,Minimisation: небо Украины под полным контролем, 
Doubt: даже разоблачать не хочется"
00572_03442.txt,"Loaded_Language: второй ударный байрактор, 
Repetition: второй беспилотник в том же районе, 
Doubt: Ждём детали с места."
00582_04944.txt,"Loaded_Language: полные блокирующие санкции, 
Name_Calling,Labeling: РФПИ, 
Repetition: Вашингтон пообещал ввести полные блокирующие санкции, 
Appeal_to_fear-prejudice: блокирующие санкции против РФПИ"
00584_05470.txt,
00593_04933.txt,
00611_07845.txt,
00643_01650.txt,
00674_03988.txt,
00689_04099.txt,
00692_07708.txt,Loaded_Language: Зеленского в какой-то момент ждет трибунал
00694_02816.txt,"Loaded_Language: ваши шкурки полиняют, попки свалятся с удобных стульчиков, 
Loaded_Language: подлые, трусливые, гнусные, 
Loaded_Language: мразям типа Порошенко, Яценюка и Турчинова, 
Name_Calling,Labeling: даунами, орками, алкашами и ублюдками, 
Repetition: Мы 8 лет в нем живем, 
Repetition: Мы же предупреждали, мы просили!!!, 
Appeal_to_fear-prejudice: вы, конечно же, выходили на ваш майдан и кричали: Порошенко, Зеленский, прекрати. Да? Нет?, 
Exaggeration,Minimisation: 15 тысяч! 15, блин, тысяч убито из-за вас., 
Thought-terminating_Cliches: Боже, сохрани от этого!, 
Whataboutism: А сколько погибло от рака, инфарктов и инсультов от многолетнего стресса? Но мы же орки, нас не жаль., 
Doubt: Как думаете сейчас, ему не было страшно?"
00707_08697.txt,"Loaded_Language: всполошились за последние дни, 
Name_Calling,Labeling: иностранным СМИ, 
Doubt: где вы были все 8 лет?"
00722_08083.txt,"Repetition: обеспечивает себя основными видами продовольствия - зерном и продуктами его переработки, мясной и рыбной продукцией, сахаром, растительным маслом и другими ключевыми продуктами питания,, 
Exaggeration,Minimisation: потребность в импортных товарах незначительна"
00743_00726.txt,"Loaded_Language: террористическим, 
Loaded_Language: убийстве русских, 
Loaded_Language: террорист не уйдет, 
Loaded_Language: государственного терроризма, 
Name_Calling,Labeling: террористический режим, 
Appeal_to_fear-prejudice: физического устранения руководства Украины, 
Appeal_to_fear-prejudice: значительный деморализующий эффект для руководства Украины, 
Causal_Oversimplification: Любая поддержка Украины из вне становится «поддержкой террористического режима»"
00744_09035.txt,"Loaded_Language: неонацисткая мразь, 
Loaded_Language: искренение фашизма, 
Loaded_Language: антисемитизма, 
Loaded_Language: русофобии, 
Name_Calling,Labeling: неонацисткая мразь, 
Repetition: Денацификация Украины становится уже неизбежной., 
Appeal_to_fear-prejudice: Но никакой мир на Украине невозможен без денацификации - искоренения фашизма, антисемитизма, русофобии..., 
Flag-Waving: нашей родной Украине, 
Exaggeration,Minimisation: прежние украинские власти... так старательно выкармливали"
00749_08842.txt,
00755_03970.txt,
00759_05160.txt,"Loaded_Language: Героически убитые, 
Name_Calling,Labeling: похороненные Зеленским пограничники, 
Exaggeration,Minimisation: добровольно сложили оружие"
00766_01651.txt,"Loaded_Language: на Украине и вышиб себе мозги, 
Name_Calling,Labeling: агрессором, 
Exaggeration,Minimisation: мог нам сейчас очень интересно рассказывать про украинские перемоги"
00778_02718.txt,
00779_05445.txt,
00783_00972.txt,
00787_01138.txt,"Loaded_Language: массированным обстрелом, 
Loaded_Language: множество прилетов, 
Exaggeration,Minimisation: прямые прилеты по ЖД вокзалу и округе"
00796_06066.txt,
00815_08005.txt,
00818_08242.txt,
00879_00496.txt,"Loaded_Language: гарантирует неиспользование хранящихся там ядерных материалов для создания 'грязной бомбы', 
Bandwagon: Подписывайся @sev_polit_takt чтобы ничего не пропустить"
00890_05009.txt,"Loaded_Language: агрессивных действий российской стороны, 
Exaggeration,Minimisation: эскалацию прямолинейной попыткой подтолкнуть Украину к принятию неприемлемых условий, 
Doubt: не согласился с заявлением Кремля, что в пятницу российские военные приостановили наступление."
00891_02689.txt,"Loaded_Language: убиты около 60 диверсантов, 
Doubt: но сильно сомневаемся, что это были диверсанты, 
Exaggeration,Minimisation: сама цифра, честно говоря, смущает, 
Appeal_to_fear-prejudice: Что касается наркоторговцев, то это радикально, но одобряемо."
00896_05947.txt,
00898_03137.txt,
00902_03079.txt,
00933_01949.txt,"Loaded_Language: мародеры пытались захватить машину АТБ с продуктами, 
Exaggeration,Minimisation: раздали калаши всем желающим, 
Appeal_to_fear-prejudice: мародеры пытались захватить машину"
00941_03984.txt,
00956_04617.txt,
00980_06432.txt,
00993_06387.txt,"Loaded_Language: недобитки фашистские, 
Loaded_Language: гневные отповеди с переходом на личности, 
Loaded_Language: жизни нацистских преступников дороже жизней мирных жителей Донбасса, 
Name_Calling,Labeling: новый Гитлер, оккупант и агрессор, 
Repetition: Я поддерживаю Владимира Владимировича Путина и российскую армию., 
Exaggeration,Minimisation: Война это всегда плохо. Но я рада, что сейчас торжествует справедливость., 
Appeal_to_fear-prejudice: если твое мнение противоположное-то сразу записывают в сепаратисты, шовинисты, предатели и враги., 
Bandwagon: мы все разделяем это мировоззрение."
01007_00497.txt,"Loaded_Language: тяжёлое вооружение, 
Loaded_Language: живого щита, 
Loaded_Language: шайкой наркоманов и неонацистов, 
Loaded_Language: мужественно, профессионально и героически, 
Name_Calling,Labeling: бандеровцы и неонацисты, 
Exaggeration,Minimisation: взяла в заложники весь украинский народ, 
Appeal_to_fear-prejudice: неонацисты планируют использовать детей, жен и стариков в качестве живого щита, 
Flag-Waving: Берите власть в свои руки, похоже, нам с вами будет легче договориться"
01014_04568.txt,
01048_06463.txt,
01055_01099.txt,"Loaded_Language: заколебала всех, 
Name_Calling,Labeling: талибы, 
Causal_Oversimplification: что талибы призвали к мирному урегулированию"
01063_03375.txt,
01064_05349.txt,
01077_09672.txt,
01089_04742.txt,"Loaded_Language: бросают НАТОвские пушки, 
Loaded_Language: бегут с позиций, 
Loaded_Language: бросается на поле боя, 
Loaded_Language: тянуть тяжёлую бандуру, 
Name_Calling,Labeling: Проданные шведские противотанковые ракетницы NLAW не помогают ВСУ, 
Exaggeration,Minimisation: Натовская помощь попросту бросается на поле боя, 
Causal_Oversimplification: так как отступать и тянуть тяжёлую бандуру не практично."
01102_03531.txt,"Flag-Waving: Дети Донбасса начали обучение в русских школах, 
Repetition: они учатся в обычных классах вместе с российскими детьми."
08680_09512.txt,
08692_03401.txt,Loaded_Language: хохлушки
08716_01344.txt,"Loaded_Language: Клоун Зеленский обманывает вас. Говорит чушь и ерунду., 
Repetition: нет потерь, нет раненых, нет даже солдат с царапиной или насморком, 
Appeal_to_fear-prejudice: Будут страдать женщины и дети, если вы не выйдете и не очистите свои города от преступной власти., 
Bandwagon: А 99% населения России поддерживают решение президента."
08722_04043.txt,"Loaded_Language: сильных взрыва, 
Appeal_to_fear-prejudice: Все в укрытие!"
08724_06736.txt,"Loaded_Language: получает пизды, 
Loaded_Language: подержаться за горло, 
Loaded_Language: виновны в страданиях мирного населения Донбасса, 
Loaded_Language: Карма их настигла., 
Name_Calling,Labeling: укровских артиллеристов, 
Exaggeration,Minimisation: Каждый ополченец мечтал дотянуться до укровских артиллеристов, 
Appeal_to_fear-prejudice: виновны в страданиях мирного населения Донбасса"
08726_03295.txt,
08729_07723.txt,
08730_07442.txt,"Loaded_Language: высокопоставленного турецкого чиновника, 
Doubt: Турция еще не приняла решения о закрытии проливов для российских кораблей, 
Causal_Oversimplification: Очень похоже на желание поторговаться."
08732_08581.txt,"Loaded_Language: сбит российский самолет, 
Causal_Oversimplification: так как у нас нет уже авиации, только вертушки остались"
08745_04134.txt,
08747_09054.txt,"Loaded_Language: освободителям, 
Loaded_Language: наши раненые ребята, 
Loaded_Language: Большое спасибо вам, родные!, 
Flag-Waving: освободителям, 
Flag-Waving: наши раненые ребята, 
Repetition: врачи, 
Repetition: вышли свободные от дежурства врачи"
08758_04288.txt,
08765_07686.txt,
08780_05639.txt,
08795_05612.txt,
08798_05119.txt,
08829_02790.txt,"Loaded_Language: уничтожение российского десанта, 
Repetition: украинские спикеры ТРИЖДЫ подтверждали, 
Name_Calling,Labeling: Чеченцы снимают украинские флаги"
08848_08668.txt,"Loaded_Language: значит это ещё один шаг к признанию криптовалюты в России., 
Causal_Oversimplification: Принято решение отключать РФ от SWIFT - МИД Украины., 
Bandwagon: Мир меняется."
08855_04438.txt,
08873_06191.txt,"Loaded_Language: борьбе с распространением российскими СМИ 'пропаганды', 
Causal_Oversimplification: принято по итогам заседания Совета по безопасности и национальной обороны"
08878_04343.txt,
08895_07877.txt,
article111111136.txt,"Loaded_Language: the new, exciting dynamic, multicultural paradise that so many here in this assembly ... have fought to create for so many years,, 
Name_Calling,Labeling: populist, opposition Sweden Democrats, 
Appeal_to_fear-prejudice: linking public concern about the rising crime rate to a large increase in the numbers of immigrants., 
Exaggeration,Minimisation: Sweden’s murder rate is relatively low in international terms, but gang violence has surged in recent years, 
Repetition: people are shot to death in pizza restaurants, people are killed by hand grenades they find on the street, 
Doubt: the police are unable to cope."
article694356862.txt,"Loaded_Language: Obama's reckless appeasement of the Iranian regime, 
Loaded_Language: disastrous nuclear deal, 
Loaded_Language: a virtual vassal state, 
Loaded_Language: major advance in Iran’s Shiite Crescent expansion, 
Loaded_Language: new monster, 
Loaded_Language: Hezbollah has American blood on its hands, 
Loaded_Language: milquetoast approach to Iran, 
Name_Calling,Labeling: the radical Shiite Iranian regime, 
Name_Calling,Labeling: largest state sponsor of terrorism, 
Repetition: Iran’s growing threat, 
Repetition: Iran has funded and armed its terrorist proxy Hezbollah, 
Exaggeration,Minimisation: Obama turned his back on millions of dissidents, 
Exaggeration,Minimisation: the U.S.-led coalition has chosen not to do anything about Hezbollah’s presence, 
Appeal_to_fear-prejudice: Iran's execution of its regional ambitions, 
Appeal_to_fear-prejudice: a hegemonic threat in the Middle East region, 
Causal_Oversimplification: Obama ran down our options in Syria so thoroughly, 
Appeal_to_Authority: said Andrew Tabler, senior fellow at the Washington Institute for Near East Policy, 
Slogans: Shiite Crescent, 
Whataboutism: While Israel chose not to take sides in Syria's civil war, 
Doubt: Whether the Trump administration follows through remains to be seen, 
Bandwagon: Israel has a more sympathetic ear in the Trump administration than it did in the Obama administration"
article699291100.txt,"Loaded_Language: threatened,, 
Loaded_Language: sordid tale,, 
Loaded_Language: silenced,, 
Loaded_Language: harsh position,, 
Loaded_Language: serious threats,, 
Loaded_Language: corruption,, 
Loaded_Language: bribery,, 
Loaded_Language: extortion,, 
Loaded_Language: money laundering,, 
Loaded_Language: kickbacks,, 
Loaded_Language: criminal case, 
Name_Calling,Labeling: the mainstream media,, 
Name_Calling,Labeling: the Obama administration,, 
Name_Calling,Labeling: the Clintons, 
Repetition: threatened both your reputation and liberty,, 
Repetition: threatened his silence,, 
Repetition: the Obama Justice Department threatened him, 
Exaggeration,Minimisation: the scandal surrounding Russian efforts,, 
Exaggeration,Minimisation: the government’s ability to crack a multimillion dollar racketeering scheme, 
Appeal_to_fear-prejudice: the Obama administration threatened him with loss of freedom,, 
Appeal_to_fear-prejudice: they would bring a criminal case against him, 
Flag-Waving: the approval of the deal by the State Department,, 
Flag-Waving: giving Russia ownership of 20% of U.S. uranium assets, 
Causal_Oversimplification: the Clinton Foundation directly to the scandal,, 
Causal_Oversimplification: the same part of my client that made him go into the FBI in the first place, 
Appeal_to_Authority: Toensing, a former Reagan Justice Department official, 
Doubt: Is he ready to be the Mayor?, 
Whataboutism: the mainstream media has largely ignored it, 
Bandwagon: the scandal surrounding Russian efforts to acquire 20% of America’s uranium reserves"
article700461600.txt,"Loaded_Language: the situation is intolerable,, 
Loaded_Language: strategic disaster,, 
Loaded_Language: a clamor will arise in Congress,, 
Loaded_Language: the interventionist Post is saying, 
Causal_Oversimplification: a failure by the United States to defend its allies or promote new political arrangements for (Syria and Iraq) will lead only to more war, 
Appeal_to_fear-prejudice: the necessity of more U.S. intervention,, 
Appeal_to_fear-prejudice: more terrorist threats, 
Whataboutism: If we rely on the Kurds in Syria, we lose NATO ally Turkey, which regards Syria's Kurds as collaborators of the PKK in Turkey, which even the U.S. designates a terrorist organization., 
Doubt: Would President Trump be willing to fight a new war to keep Iran from consolidating its position in Iraq and Syria?, 
Repetition: Would the American people support such a war with U.S. troops?"
article701933838.txt,
article709732928.txt,"Loaded_Language: Uranium One Bombshell: Evidence of Bribery, Extortion, Kickbacks, Money Laundering, and More!, 
Loaded_Language: this ugly Clinton led deal, 
Loaded_Language: very nervous, 
Loaded_Language: very annoying, 
Loaded_Language: this is all about to get very ugly, 
Loaded_Language: the bad actor, hostile regime, Putin Russia, 
Loaded_Language: national security compromise, 
Loaded_Language: you guys deserve a Pulitzer, 
Name_Calling,Labeling: Clinton camp, 
Name_Calling,Labeling: Clinton team, 
Name_Calling,Labeling: the Clintons themselves, 
Name_Calling,Labeling: bad actor, hostile regime, Putin Russia, 
Repetition: evidence of bribery, kickback, extortion, money laundering, racketeering, 
Repetition: follow the money, 
Exaggeration,Minimisation: the knowledge of key administration officials will be the next thing proven, 
Exaggeration,Minimisation: this is all about to get very ugly, 
Appeal_to_fear-prejudice: giving the Russians control of the uranium was a national security compromise, 
Causal_Oversimplification: If you go back on the last week we heard several things from the Justice Department, there’s no connection to uranium one, 
Doubt: How good are my instincts?, 
Doubt: Is he ready to be the Mayor?, 
Doubt: we don’t have those records, 
Bandwagon: the American people deserve the truth"
article710100700.txt,"Loaded_Language: a threat to public safety,, 
Repetition: foreign fugitives trying to escape law enforcement in their home countries is an ICE top priority,, 
Repetition: ERO has removed more than 1,700 foreign fugitives from the United States who were sought in their native countries for serious crimes,, 
Appeal_to_fear-prejudice: a threat to public safety,, 
Appeal_to_fear-prejudice: who were sought in their native countries for serious crimes, including kidnapping, rape and murder."
article721710340.txt,"Loaded_Language: criminal aliens, 
Loaded_Language: reckless sanctuary policies, 
Loaded_Language: improving public safety, 
Repetition: removing criminal aliens, 
Repetition: criminal prosecution for re-entry after deportation, 
Appeal_to_fear-prejudice: put our communities at risk, 
Flag-Waving: protect the nation, uphold public safety, and protect the integrity of our immigration laws and border controls, 
Causal_Oversimplification: local law enforcement failed to honor an immigration detainer, 
Doubt: Did not honor the ICE detainer that was placed, 
Doubt: pending presentation of criminal prosecution for re-entry after deportation"
article722507879.txt,"Loaded_Language: bribery and money laundering scheme,, 
Loaded_Language: deeply embedded,, 
Loaded_Language: highly valued FBI asset,, 
Loaded_Language: massive Russian 'nuclear money laundering apparatus,', 
Name_Calling,Labeling: Obama administration,, 
Name_Calling,Labeling: congressional republicans, 
Repetition: the FBI had ample evidence of the Russian bribery plot before the Obama administration approved the Uranium One deal,, 
Repetition: the FBI's investigators had already gathered substantial evidence, 
Exaggeration,Minimisation: the leading front end freight forwarding company dedicated to Nuclear Cargo, 
Appeal_to_fear-prejudice: legitimate national security concerns,, 
Appeal_to_fear-prejudice: Russia’s intentions and reach into the U.S. energy market, 
Causal_Oversimplification: the Uranium One deal never should have gone through, 
Whataboutism: But we know that the FBI’s confidential informant was actively compiling incriminating evidence as far back as 2009, 
Doubt: Is he ready to be the Mayor?, 
Bandwagon: I hope AG Sessions gets briefed about the CI and gives the Uranium One case the scrutiny it deserves"
article723501118.txt,"Loaded_Language: turning our country into a hopeless hellhole where the native population is overtaxed and terrorized by warring foreign gangs., 
Name_Calling,Labeling: immigrant gangs, 
Exaggeration,Minimisation: It's Demolition Man in real life pitting refugee war criminals and terrorists against bureaucrats with badges who are used to telling people not to raise their voices., 
Appeal_to_fear-prejudice: Why would anyone associate rising crime and immigration? Maybe because the gangs in question are immigrant gangs., 
Doubt: Of course they can't cope."
article723537899.txt,"Loaded_Language: mortal peril, 
Loaded_Language: ruthless regime, 
Loaded_Language: blatant attack, 
Loaded_Language: flagrant violation, 
Name_Calling,Labeling: terror army, 
Name_Calling,Labeling: traitors, 
Causal_Oversimplification: when near two decades in Afghanistan have failed to secure that nation against the return of al-Qaida and ISIS?, 
Repetition: Have the American people been had again?, 
Appeal_to_fear-prejudice: when the Turks regard them as terrorists?, 
Black-and-White_Fallacy: Are we prepared for a shooting war with a Syrian army, backed by Russia, Iran, Hezbollah and Shiite militias from Iraq, Afghanistan and Pakistan, to hold onto a fourth of Syria's territory in alliance with Kurds?"
article723793978.txt,"Loaded_Language: the new, exciting dynamic, multicultural paradise that so many here in this assembly … have fought to create for so many years,, 
Name_Calling,Labeling: populist, opposition Sweden Democrats, 
Exaggeration,Minimisation: Four people were shot dead in the first week of this year., 
Appeal_to_fear-prejudice: linking public concern about the rising crime rate to a large increase in the numbers of immigrants., 
Repetition: People are shot to death in pizza restaurants, people are killed by hand grenades they find on the street., 
Thought-terminating_Cliches: That’s crazy."
article729368012.txt,"Loaded_Language: this appears to be clear bribery, and a case could be made for treason., 
Name_Calling,Labeling: Hillary Clinton, 
Appeal_to_fear-prejudice: they told Mr. Campbell with the Clinton’s help, it was a shoo-in to get CFIUS approval., 
Doubt: While Democrats have unsurprisingly questioned Campbell's credibility,, 
Exaggeration,Minimisation: Campbell claims to have video evidence of bribe money related to the Uranium One deal being stuffed into suitcases., 
Whataboutism: All of this then goes back to things we have pointed out with ranchers in the western united States and how this impacts them, as well as the land grabs that are unconstitutionally orchestrated by the DC government and the Bureau of Land Management."
article730389374.txt,"Loaded_Language: the most devastating Israeli attack in decades on Syria,, 
Loaded_Language: monumental stupidity,, 
Name_Calling,Labeling: the War Party,, 
Doubt: Has President Trump thought through where we are going with this deepening commitment in Syria?, 
Causal_Oversimplification: what would be the cost and what would be the prospects of fighting a new and wider war?"
article734265267.txt,"Loaded_Language: criminal aliens, 
Loaded_Language: illegal alien, 
Loaded_Language: pose a threat to public safety, 
Repetition: arrested, 
Repetition: deported, 
Repetition: ICE’s commitment, 
Appeal_to_fear-prejudice: keeping our communities safe by locating, arresting and ultimately removing at-large criminal aliens who pose a threat to public safety, 
Flag-Waving: protect the nation, uphold public safety, and protect the integrity of our immigration laws and border controls, 
Causal_Oversimplification: ICE will no longer exempt classes or categories of removable aliens from potential enforcement, 
Doubt: He remains in U.S. Marshals custody pending the outcome of his criminal case."
article735090638.txt,"Loaded_Language: radical leftist boss,, 
Loaded_Language: reckless decision,, 
Loaded_Language: irresponsible decision,, 
Loaded_Language: significant public safety threat criminals,, 
Loaded_Language: honorary members of MS-13,, 
Name_Calling,Labeling: Dems have become honorary members of MS-13,, 
Repetition: ICE was about to begin arresting people,, 
Repetition: criminal aliens and public safety threats remain at large,, 
Repetition: over 800 significant public safety threat criminals,, 
Exaggeration,Minimisation: What she did is no better than a gang lookout yelling ‘police’,, 
Appeal_to_fear-prejudice: endangering ICE personnel,, 
Appeal_to_fear-prejudice: the community's a lot less safe than it would've been,, 
Causal_Oversimplification: Her actions were quite clearly illegal,, 
Appeal_to_Authority: Thomas Homan, the acting director of ICE,, 
Doubt: Is she ready to be the Mayor?, 
Bandwagon: And those who collaborate with illegal alien gang members should face the consequences."
article735265649.txt,"Loaded_Language: reckless decision was based on her political agenda,, 
Name_Calling,Labeling: the left's support for criminality over law and order,, 
Doubt: whether she broke any laws by doing so,, 
Whataboutism: an indeterminate number of whom may have been tipped off by a Democrat mayor who betrayed the law-abiding citizens of Northern California."
article735815503.txt,"Loaded_Language: the price of a sanctuary city for illegal aliens is paid in abused children., 
Name_Calling,Labeling: illegal aliens, 
Causal_Oversimplification: The price of a sanctuary city for illegal aliens is paid in abused children., 
Appeal_to_fear-prejudice: the four-day raid led to the arrest of 232 illegal immigrants in the San Francisco Bay Area., 
Doubt: Just ask the abused children of Oakland."
article735855251.txt,"Loaded_Language: criminal aliens, 
Loaded_Language: public safety threats, 
Loaded_Language: fewer criminals in our communities, 
Name_Calling,Labeling: criminal aliens, 
Repetition: arrest of individuals who are criminal aliens and public safety threats, 
Appeal_to_fear-prejudice: ICE’s ongoing and steady commitment to public safety, 
Exaggeration,Minimisation: fewer criminals in our communities, 
Flag-Waving: the continued results of our deportation officers underscore ICE’s ongoing and steady commitment to public safety"
article736757214.txt,"Loaded_Language: Illegal Alien Mexican Rapist, 
Name_Calling,Labeling: unsavory characters, 
Appeal_to_fear-prejudice: fighting for their rapists instead, 
Causal_Oversimplification: a Democratic mayor’s warning to illegal immigrants of an incoming ICE raid... may have led to a number of illegal immigrants with violent and sex-related convictions evading capture and deportation"
article739091070.txt,"Loaded_Language: illegal alien criminals,, 
Loaded_Language: rapists and child sex offenders,, 
Loaded_Language: tipping off criminals committing a felony., 
Name_Calling,Labeling: Oakland Mayor Libby Schaaf,, 
Name_Calling,Labeling: Obama holdovers., 
Appeal_to_fear-prejudice: tipped off illegal alien criminals to ICE raids resulting in rapists and child sex offenders escaping arrest., 
Causal_Oversimplification: Because there is no doubt that businesses employing illegal aliens are committing a crime., 
Doubt: Schaaf refuses to say how she learned about the ICE raids, only saying it was not from official sources."
article740808926.txt,"Loaded_Language: Illegal Alien Wife Beaters Protected by Sanctuary City Mayor Busted, 
Loaded_Language: Sanctuary cities are the real war on women., 
Name_Calling,Labeling: Democrats are the ones fighting it., 
Repetition: Three illegal immigrants, who avoided capture... have since been re-arrested for new crimes including robbery and spousal abuse, ICE officials said., 
Appeal_to_fear-prejudice: How dare you needlessly endanger the lives of our law enforcement officers to promote a radical, open borders agenda., 
Exaggeration,Minimisation: hundreds more escaped because of Schaaf’s warning."
article741896049.txt,
article7615462239.txt,"Loaded_Language: cultural Marxism that has infiltrated many schools, 
Name_Calling,Labeling: government schools, 
Name_Calling,Labeling: cultural Marxism, 
Repetition: Whom do you consider to be the most corrupt Democrat Politician?, 
Exaggeration,Minimisation: the dumbing down of public education, 
Appeal_to_fear-prejudice: parents are concerned about the failure of school administrators to effectively protect children from bullying by other students, 
Causal_Oversimplification: Even if cultural Marxism did not dumb down education, concerns that government schools are indoctrinating children, 
Appeal_to_Authority: The Ron Paul Curriculum provides students with a well-rounded education, 
Slogans: take our poll, 
Black-and-White_Fallacy: Even when government schools are not intentionally promoting cultural Marxism or other left-wing ideologies, they are still implicitly biased toward big government, 
Doubt: how many government schools teach the Austrian economics explanation for the Great Depression, 
Bandwagon: Many parents are motivated by a desire to give their children something better than a curriculum that has been dumbed down by federal initiatives like Common Core"
article7625464289.txt,"Loaded_Language: parents seethe over liberal social engineering and violence, 
Name_Calling,Labeling: leftist social engineering, 
Name_Calling,Labeling: liberal violence, 
Name_Calling,Labeling: collectivist agenda iceberg, 
Repetition: parents are continually getting more and more upset, 
Exaggeration,Minimisation: the indoctrination is getting so bad, 
Appeal_to_fear-prejudice: concerned about liberal violence against those who reject the brainwashing, 
Causal_Oversimplification: homeschooling takes care of that problem, 
Appeal_to_Authority: Brian D. Ray, who heads up the National Home Education Research Institute, 
Doubt: Is he ready to be the Mayor?, 
Bandwagon: more will wake up to the absolute horror of what allowing the state to educate our children has done to the moral fabric of humanity"
article7634408719.txt,"Loaded_Language: the Left is driving more kids OUT of public schools,, 
Loaded_Language: the craziness over transgender students,, 
Loaded_Language: the Left-wing social engineering,, 
Loaded_Language: the violence, the bullying, the unsafe environments,, 
Name_Calling,Labeling: the Left,, 
Name_Calling,Labeling: Left-wing curriculum,, 
Exaggeration,Minimisation: the phones started ringing at the Texas Home School Coalition, and they haven’t stopped yet,, 
Exaggeration,Minimisation: our numbers have doubled,, 
Exaggeration,Minimisation: we’re dealing with probably between 1,200 and 1,400 calls and emails per month, and prior to that it was 600 to 700., 
Appeal_to_fear-prejudice: worries about the school environment,, 
Appeal_to_fear-prejudice: the violence, the bullying, the unsafe environments,, 
Appeal_to_fear-prejudice: the recent school shooting at Parkland, Fla., was the last straw for scores of parents., 
Repetition: homeschooling,, 
Repetition: the Left,, 
Repetition: unsafe environments,, 
Bandwagon: please give serious thought and prayer to home-schooling your children."
article764664283.txt,"Loaded_Language: Wills’ naïve, inaccurate, misleadingly sunny view of the Qur’an,, 
Name_Calling,Labeling: right-wing Islamophobes,, 
Doubt: Wills is no more trustworthy when he deals with the question of violence in the Qur’an., 
Exaggeration,Minimisation: Wills has ignored key passages in order to make his case., 
Appeal_to_fear-prejudice: if the Islamic holy book is really as peaceful and benign as Garry Wills makes it out to be, why do so very many Muslims worldwide misunderstand it?, 
Whataboutism: Wills’ assurances that the Qur’an is not really as bad as 'right-wing Islamophobes' say, or that the Bible contains material that is just as bad or worse, dissolve under close scrutiny., 
Reductio_ad_hitlerum: Wills’ peaceful fantasy Qur’an raises one massive question that the author does not and cannot answer: if the Islamic holy book is really as peaceful and benign as Garry Wills makes it out to be, why do so very many Muslims worldwide misunderstand it?"
article765029945.txt,"Loaded_Language: shameless Zionists,, 
Loaded_Language: particularly stupid of Michael Hayden,, 
Loaded_Language: thoughtless tweet,, 
Loaded_Language: facile Nazi analogies,, 
Name_Calling,Labeling: shameless Zionists,, 
Repetition: killing Jews with killing Jews,, 
Repetition: Nazi,, 
Repetition: Nazi,, 
Repetition: Nazi,, 
Appeal_to_fear-prejudice: the attacks here are motivated by a desire for open borders,, 
Appeal_to_fear-prejudice: Children are being used as human shields in a campaign to end national security forever., 
Causal_Oversimplification: Anything a Republican president does is exactly like the Holocaust."
article765197039.txt,"Loaded_Language: sane person is saying that the West should go to war with the entire Islamic world, 
Loaded_Language: remarkable ignorance of history, 
Loaded_Language: deep contempt for non-Muslims, 
Loaded_Language: just another mainstream hack politician., 
Name_Calling,Labeling: mainstream hack politician, 
Exaggeration,Minimisation: the entire religion, 
Exaggeration,Minimisation: the entire non-Muslim world, 
Appeal_to_fear-prejudice: we’ll lose, 
Appeal_to_fear-prejudice: we must not think that we are at war with the entire religion, 
Causal_Oversimplification: if dealing with Islamic fundamentalism becomes a battle between us and the entire religion, I’ll tell you the result: we’ll lose., 
Whataboutism: But what, Mr. Farage, are we to think about the Muslims who consider themselves and their religion to be at war with us?"
article766084411.txt,"Loaded_Language: crackdown on illegals, 
Loaded_Language: absurd, 
Loaded_Language: secret as possible, 
Loaded_Language: cruel and insensitive, 
Name_Calling,Labeling: Leftists, 
Name_Calling,Labeling: Progressives, 
Name_Calling,Labeling: good actors on the Left, 
Repetition: Whom do you consider to be the most corrupt Democrat Politician?, 
Exaggeration,Minimisation: the surge of children into the US... was said to be the result of economics, high crime rates, and actual threats from organized crime entities, 
Appeal_to_fear-prejudice: the federal government grab of millions of acres of land during the Obama years, 
Causal_Oversimplification: today's policy of separating underage siblings from their parents... seems to be a planned event by the US government, 
Doubt: we really have no idea whether the children brought here during the Obama reign were intentionally separated from their parents"
article766632016.txt,"Loaded_Language: he is lying, and relying on the historical ignorance of his audience., 
Name_Calling,Labeling: the likes of Jihad Al-‘Ayesh., 
Exaggeration,Minimisation: the figure of six million is a historical lie., 
Doubt: Is he ready to be the Mayor?, 
Whataboutism: Hitler did not annihilate the Jews only., 
Causal_Oversimplification: The Jews were banished, tortured, and annihilated because of their deeds. They were not banished for being Jews., 
Thought-terminating_Cliches: This is, indeed, a new fashion."
article767129999.txt,"Loaded_Language: illegals,, 
Loaded_Language: worthless judicial process,, 
Loaded_Language: corrupt Democrat Politician,, 
Loaded_Language: horrible,, 
Loaded_Language: obsolete, 
Name_Calling,Labeling: corrupt Democrat Politician, 
Repetition: We want strong borders and we want no crime,, 
Repetition: We want a system where when people come in illegally, they have to go out,, 
Repetition: We want children staying together, 
Appeal_to_fear-prejudice: The Democrats want open borders and they don’t care about crime., 
Causal_Oversimplification: It takes years to deport them, which costs the American people lots of money., 
Doubt: if any of them take the law seriously in the first place."
article776535164.txt,"Loaded_Language: purges the names of his predecessors,, 
Loaded_Language: failed to protect children from dozens of predators priests,, 
Loaded_Language: credibly accused of sexual misconduct involving children,, 
Loaded_Language: reeling over the revelations,, 
Loaded_Language: sanctioned by Pope Francis,, 
Loaded_Language: credibly accused of sexually abusing at least two boys, 
Exaggeration,Minimisation: no other Catholic prelate has conducted such a blanket purge of his predecessors' legacies, 
Doubt: who ordered the two-year investigation of Catholic sex abuse"
article7786642809.txt,"Loaded_Language: horrific scandal,, 
Loaded_Language: hideous violation,, 
Loaded_Language: gross dereliction of duty,, 
Loaded_Language: an ideology of evil,, 
Loaded_Language: immortal souls of the sheep, 
Name_Calling,Labeling: Father Martin and his pals in the episcopacy,, 
Name_Calling,Labeling: the so-called 'gay lifestyle', 
Repetition: it is not,, 
Repetition: it cannot,, 
Repetition: it will not, 
Exaggeration,Minimisation: the Church's new-found 'climate of tolerance' is exactly what McCarrick and company are counting on!, 
Appeal_to_fear-prejudice: everlasting damnation is the price to be paid for this kind of inclusivity and toleration, 
Causal_Oversimplification: Until the Church and her bishops get back to reaffirming traditional Catholic teaching on human sexuality we can forget about seeing an end to the sexual abuse crisis, 
Whataboutism: Are Father Martin and his pals in the episcopacy really so enlightened over every pope, saint, and moral theologian in history?, 
Doubt: Does Archbishop Hebda believe it is time for the Church to stop humiliating herself by stooping to accommodate a special interest group?, 
Bandwagon: Is it any wonder that priests and laity alike are changing their attitude on the 'gay lifestyle' and violations of the Sixth Commandment"
article779394730.txt,"Loaded_Language: rampant homosexuality in the priesthood,, 
Loaded_Language: heretical homilies,, 
Loaded_Language: sodomitical clergy,, 
Loaded_Language: trivialized liturgy,, 
Loaded_Language: unfairly smearing today’s Catholicism,, 
Loaded_Language: profoundly disturbing,, 
Name_Calling,Labeling: fans of the Oakland Raiders,, 
Name_Calling,Labeling: offenders,, 
Repetition: the meaning of justice, but about the meaning of memory,, 
Exaggeration,Minimisation: you can take your 'Church of Accompaniment' to prison with you,, 
Appeal_to_fear-prejudice: I'd sooner let my kids be accompanied by fans of the Oakland Raiders than turn them over to you,, 
Reductio_ad_hitlerum: you can take your 'Church of Accompaniment' to prison with you."
article7804147009.txt,"Loaded_Language: the most vile clergy sex scandal in history,, 
Loaded_Language: the beast in the eye,, 
Loaded_Language: wickedness,, 
Loaded_Language: sickening,, 
Loaded_Language: evil, evil that cries out for justice,, 
Loaded_Language: scurrilous attack,, 
Loaded_Language: deviant sexual — almost exclusively homosexual — acts,, 
Loaded_Language: wickedness should be hated with a perfect hatred,, 
Loaded_Language: the comfort level with sin that has come to pervade our teaching,, 
Loaded_Language: disgraceful and seriously scandalous,, 
Name_Calling,Labeling: enemies of the Church,, 
Name_Calling,Labeling: degenerate and even criminal shepherds,, 
Name_Calling,Labeling: those who have been complicit,, 
Name_Calling,Labeling: the worst of sinners,, 
Repetition: I am tired of this,, 
Repetition: I am tired of people being hurt, gravely hurt!, 
Repetition: We must do this always with loving respect for individuals but with a clear understanding that true love can never exist without truth., 
Exaggeration,Minimisation: the Church’s moral theology, specifically her teaching against the mortal sin of homosexual acts,, 
Exaggeration,Minimisation: the crisis we face is not limited to the McCarrick affair, or the Pennsylvania Grand Jury Report, or anything else that may come., 
Appeal_to_fear-prejudice: the homosexual inclination is not in itself sinful, but it is intrinsically disordered in a way that renders any man stably afflicted by it unfit to be a priest,, 
Appeal_to_fear-prejudice: the deeper crisis that must be addressed is the license for sin to have a home in individuals at every level of the Church., 
Flag-Waving: Bishop Morlino has now done it, and we respectfully demand that the rest of the American bishops either follow suit or face the charge of being complicit., 
Causal_Oversimplification: Unless and until we take seriously our call to sanctity, we, as an institution and as individuals, will continue to suffer the 'wages of sin.', 
Appeal_to_Authority: St. Thomas Aquinas said that hatred of wickedness actually belongs to the virtue of charity., 
Whataboutism: You may claim that the death penalty is an ineffective deterrent against crime – but what about the victims of crime?, 
Doubt: Is it out of an earnest desire to display a misguided sense of being 'pastoral?', 
Bandwagon: I stand with those calling for justice to be done upon the guilty."
article780787440.txt,"Loaded_Language: heart-wrenching pain,, 
Loaded_Language: atrocities perpetrated,, 
Loaded_Language: filth,, 
Loaded_Language: deliberate policy of cover up, 
Repetition: was long ignored, kept quiet or silenced,, 
Repetition: beg forgiveness for our own sins and the sins of others, 
Appeal_to_fear-prejudice: the abuse of power and of conscience at the hands of priests, 
Doubt: I’m not sure what his words will be and I’m not sure that a simple apology is what survivors of abuse want, 
Causal_Oversimplification: the Catholic Church has a structural problem when it comes to dealing with cover up accusations, 
Whataboutism: Like his predecessor, Francis has promised 'zero tolerance' on child abuse, but scandals have kept recurring in several parts of the world"
article785801366.txt,"Loaded_Language: the unceasing onslaught by Jihad and its leftist enablers,, 
Loaded_Language: the disastrous Obama administration,, 
Loaded_Language: pathetic and destructive focus,, 
Loaded_Language: destructive fantasy,, 
Loaded_Language: trash and needs to be thrown in the garbage,, 
Loaded_Language: vicious and potent weapon,, 
Loaded_Language: baffling and shameful silence,, 
Loaded_Language: totalitarian leftist and Islamic forces,, 
Name_Calling,Labeling: the Left and Islamists,, 
Name_Calling,Labeling: Muslim Brotherhood sympathizers,, 
Name_Calling,Labeling: right-wing Islamophobes,, 
Name_Calling,Labeling: totalitarian Mullahs of the world,, 
Exaggeration,Minimisation: the calculated denial that leaders, authorities and media are enforcing about it,, 
Exaggeration,Minimisation: the Left being in charge and of the destructive defeat that it is sowing,, 
Appeal_to_fear-prejudice: the life-saving turn-around disposition that the Trump administration has brought in to counter Jihad,, 
Appeal_to_fear-prejudice: the Muslim Brotherhood document... has made it clear that the Brotherhood’s objective is to destroy our civilization from within,, 
Causal_Oversimplification: the Obama administration continues to allow the Muslim Brotherhood to direct American foreign policy,, 
Doubt: Is he ready to be the Mayor?, 
Bandwagon: the education campaign must also focus on the second part of Gorka’s counter-propaganda campaign,, 
Reductio_ad_hitlerum: the contemptuous, snickering and roaring laughter of people, as they gaze at the pathetic rules and lives of Sharia’s gatekeepers,"
article786731884.txt,"Loaded_Language: creepiest and most harrowing Stalinist sense,, 
Name_Calling,Labeling: totalitarian plantation,, 
Name_Calling,Labeling: Shariah enforcers and oppressors of Muslim women and girls,, 
Repetition: jihadist attacks,, 
Repetition: 9/11,, 
Exaggeration,Minimisation: accelerating their totalitarian suffocation of free thought and expression,, 
Appeal_to_fear-prejudice: Facebook’s masters are, without doubt, accelerating their totalitarian suffocation of free thought and expression,, 
Thought-terminating_Cliches: It is what it is,, 
Whataboutism: Twitter also lashed out at him for quoting directly from Islamic religious texts, citing its anti-'hate' policies., 
Doubt: what it is specifically that violates Facebook’s ‘community standards’ when a person gives advice on how to best defend American lives from jihad."
article787002327.txt,"Loaded_Language: tyrannical plantation, 
Loaded_Language: totalitarian attack, 
Loaded_Language: fascistic manner, 
Loaded_Language: leftist totalitarians, 
Loaded_Language: venomous level, 
Loaded_Language: destructive agenda, 
Loaded_Language: pernicious assault, 
Loaded_Language: vicious war, 
Name_Calling,Labeling: Left's attacks, 
Name_Calling,Labeling: leftist-run social media, 
Name_Calling,Labeling: leftist brownshirt-style assault, 
Repetition: free speech, 
Repetition: attack on free speech, 
Repetition: censored, 
Repetition: banned, 
Exaggeration,Minimisation: only a brief reprieve, 
Exaggeration,Minimisation: tiny space in the Stalinist Left's war on America, 
Appeal_to_fear-prejudice: suffocate dissent and conservative voices, 
Appeal_to_fear-prejudice: fascist Left on our liberties, 
Flag-Waving: the battle for America -- and for the West -- is on, 
Appeal_to_Authority: Jamie outlines the frameworks of this tyrannical plantation, 
Doubt: why would Facebook remove such a page, let alone in such a fascistic manner -- and never explain why?, 
Whataboutism: what has happened, in the most Orwellian sense, to Alex Jones and InfoWars on Facebook, YouTube and Twitter, 
Bandwagon: Everyone knows by now"
article999000124.txt,
article999000125.txt,"Loaded_Language: jokes that were criticized as racist and homophobic, 
Name_Calling,Labeling: AAA officials deemed inappropriate, 
Exaggeration,Minimisation: none of his remarks were offensive, and he was exposing the audience to ideas that would be found 'in the real world.', 
Appeal_to_fear-prejudice: using people’s ethnicity as the crux of his jokes could be funny but still offensive, 
Doubt: Neither Patel and nor AAA could immediately be reached for comment."
article999000133.txt,"Loaded_Language: demonizing people, 
Loaded_Language: spewing more fake news for your viewing pleasure, 
Name_Calling,Labeling: Don Lemon is lying... again, 
Name_Calling,Labeling: CNN doing what CNN does, 
Exaggeration,Minimisation: the biggest terror threat in this country is white men, 
Causal_Oversimplification: the biggest terror threat in this country is white men, most of them radicalized to the right, 
Whataboutism: There is no travel ban on them. There is no ban on — they had the Muslim ban. There is no white guy ban., 
Doubt: Is Don Lemon colorblind? Is the FBI racist (and maybe a bit sexist)?"
article999000135.txt,"Loaded_Language: absolute hypocrite, 
Loaded_Language: hypocritical, lying, fake news outlet, 
Loaded_Language: racist but utterly insane, 
Loaded_Language: useful idiot, propagandist snowflake, 
Name_Calling,Labeling: hypocrite, 
Name_Calling,Labeling: hypocritical, lying, fake news outlet, 
Name_Calling,Labeling: useful idiot, propagandist snowflake, 
Repetition: Should military force be used to stop the caravan of migrants marching toward the U.S. border?, 
Exaggeration,Minimisation: the biggest terror threat in this country is white men, most of them radicalized to the right, 
Appeal_to_fear-prejudice: Demonizing those intent on violating the law and have demonstrated that they are doing it along the way, 
Whataboutism: He just doesn't want white men here. There, I said it!, 
Doubt: How can he contradict himself like that and not even bat an eyelid?"
article999000136.txt,"Loaded_Language: f***ed up state,, 
Loaded_Language: cracker state,, 
Loaded_Language: crazy, crazy, crazies,, 
Name_Calling,Labeling: Gillum is a Progressive,, 
Name_Calling,Labeling: useful idiot,, 
Repetition: that will never happen, 
Appeal_to_fear-prejudice: to appeal to white guilt,, 
Doubt: what sort of useful idiot is Smith?"
article999000142.txt,"Loaded_Language: Hillary Cracks Racist Joke,, 
Loaded_Language: mean, nasty and evil,, 
Loaded_Language: disgusting that she continues to move and speak freely,, 
Loaded_Language: criminals and have black skin,, 
Name_Calling,Labeling: Crooked Hillary,, 
Repetition: Should military force be used to stop the caravan of migrants marching toward the U.S. border? Should military force be used to stop the caravan of migrants marching toward the U.S. border? Should military force be used to stop the caravan of migrants marching toward the U.S. border?, 
Appeal_to_fear-prejudice: Can you imagine if a conservative person uttered those comments? There would be a near lynching of them on the spot and surely for days to come., 
Whataboutism: Can you imagine if a conservative person uttered those comments? ... but not 'Crooked' Hillary., 
Doubt: Clearly, she was speaking of all black people and not being specific to Holder or Booker as they look nothing alike."
article999000149.txt,"Loaded_Language: poisonous lies, 
Loaded_Language: evil doings of Israel, 
Loaded_Language: Leftist, 
Loaded_Language: anti-Semitic, 
Loaded_Language: hateful sad man, 
Name_Calling,Labeling: Pro-Sharia Democrat Congressional Candidate, 
Name_Calling,Labeling: Leftist, 
Repetition: Should military force be used to stop the caravan of migrants marching toward the U.S. border?, 
Appeal_to_fear-prejudice: the Left is increasingly anti-Semitic, so she will cruise to victory., 
Causal_Oversimplification: Drawing attention to the apartheid Israeli regime is far from hating Jews., 
Doubt: These accusations are without merit."
article999000154.txt,"Loaded_Language: hijab-wearing, devout Muslim,, 
Loaded_Language: hateful views of this kind,, 
Loaded_Language: this is the way the Democrat leadership, and the Democrat base, thinks., 
Name_Calling,Labeling: Muslima State Rep,, 
Name_Calling,Labeling: leftist, 
Appeal_to_fear-prejudice: Islamic Jew-hatred is in the Quran., 
Repetition: Should military force be used to stop the caravan of migrants marching toward the U.S. border?, 
Flag-Waving: They want candidates like Ilhan Omar. And they know they’ll win, because this is their base today., 
Doubt: Neither the Democrat leadership nor the Democrat base cares that she married her brother."
article999000155.txt,"Loaded_Language: Useful Idiots such as Kyrsten Sinema end up promoting the likes of Lynne Stewart,, 
Name_Calling,Labeling: the Left hates America,, 
Exaggeration,Minimisation: If you don’t recognize the reality, nature, and magnitude of the jihad threat, you may well end up abetting the jihad,, 
Appeal_to_fear-prejudice: the Left maintains that Islamic jihad terror is not a problem,, 
Thought-terminating_Cliches: It used to be that this fact was dismissed as hysterical hyperbole,, 
Doubt: Probably she thinks that if she disavows these words now, she will be thought of as 'Islamophobic' by a significant portion of her base,, 
Black-and-White_Fallacy: the Left hates America, and considers 'right-wing extremists,' a term all too often applied to American patriots, far more of a threat than jihad terrorists,, 
Repetition: Should military force be used to stop the caravan of migrants marching toward the U.S. border?"
article999000158.txt,"Loaded_Language: pathological liar and accused woman abuser Keith Ellison seeks to deceive you., 
Name_Calling,Labeling: totalitarian-minded individual, who has been supported by Communists and Islamists alike., 
Repetition: Should military force be used to stop the caravan of migrants marching toward the U.S. border? Should military force be used to stop the caravan of migrants marching toward the U.S. border? Should military force be used to stop the caravan of migrants marching toward the U.S. border?, 
Exaggeration,Minimisation: Ellison is attempting to pull an Obama., 
Whataboutism: Remember when Obama's 'pastor,' Jeremiah Wright uttered 'God damn, America!'? Obama tried to say he had been in that church for years and never heard such things, which isn't true., 
Doubt: It's clear from video evidence that Ellison and fellow Democrat Gregory Meeks had dinner with Farrakhan and Iranian leader President Hassan Rouhani in 2013."
article999000184.txt,"Loaded_Language: vociferous foe of Israel, 
Name_Calling,Labeling: hijabed (and therefore pro-Sharia) Ilhan Omar, 
Name_Calling,Labeling: hard-Left, anti-American, anti-Israel agenda, 
Exaggeration,Minimisation: their hard-Left, anti-American, anti-Israel agenda, 
Appeal_to_fear-prejudice: a disquieting sign of the continued dominance of identity politics, and the increasing balkanization of the American body politic, 
Doubt: What kind of injustice?, 
Repetition: It has to be one state. Separate but equal does not work. I’m only 42 years old but my teachers were of that generation that marched with Martin Luther King., 
Causal_Oversimplification: Progressive denial of their rights would soon follow, 
Whataboutism: But Leftists rarely have to answer for their corruption, and in a Democrat House, Omar will much more likely be celebrated than investigated."
article999000565.txt,"Loaded_Language: Campus Commie,, 
Loaded_Language: hysterical profanity-laden melodramatic hissy fits,, 
Loaded_Language: leftist loon,, 
Loaded_Language: normalizing and enabling Nazis, 
Name_Calling,Labeling: Campus Commie,, 
Name_Calling,Labeling: leftist loon, 
Exaggeration,Minimisation: It doesn’t take much to trigger these people., 
Reductio_ad_hitlerum: normalizing and enabling Nazis, 
Doubt: By the way…where are her pants?"
article999000599.txt,"Loaded_Language: paragon of political-correctness and queen of virtue-signaling opportunism,, 
Name_Calling,Labeling: hypocritically toeing the progressive line,, 
Exaggeration,Minimisation: triggering howls of laughter from the apparently mind-numbed audience,, 
Doubt: what would have happened if Trump said it?, 
Whataboutism: what would have happened if Trump said it?, 
Reductio_ad_hitlerum: Hillary Clinton appears to benefit from her progressive privilege – it is the only thing that protects her from getting the ‘Roseanne treatment’,"
article999000675.txt,"Loaded_Language: racist, and totalitarian Louis Farrakhan, 
Loaded_Language: this man is a domestic terrorist, 
Loaded_Language: criminal traitor, 
Name_Calling,Labeling: Great Satan, 
Name_Calling,Labeling: enemies of the US, 
Name_Calling,Labeling: avowed enemies of the US, 
Repetition: Death to America, 
Repetition: America is the 'Great Satan', 
Appeal_to_fear-prejudice: Is this not treason of the first order?, 
Appeal_to_fear-prejudice: why are Democrats such as Keith Ellison... not being arrested for his ties to this criminal traitor?, 
Doubt: What I want to know is why would Louis Farrakhan ever be allowed back inside our borders after such statements?"
article999001032.txt,"Loaded_Language: Gillum Makes Promises He Can’t Keep,, 
Loaded_Language: Empty Promises Exposed,, 
Loaded_Language: Deceiving Voters,, 
Loaded_Language: crazy, crazy, crazies,, 
Loaded_Language: f***ed up,, 
Loaded_Language: cracker state,, 
Loaded_Language: whip them up into a frenzy,, 
Loaded_Language: fairy tales in the modern day, 
Name_Calling,Labeling: Gillum is a Progressive,, 
Name_Calling,Labeling: crazy, crazy, crazies,, 
Name_Calling,Labeling: cracker state, 
Repetition: That’s not for them to know… That’s not for them to know., 
Exaggeration,Minimisation: Once Gillum is in, in another 2 years, other Republican Senators and Legislators will be on the ballot., 
Appeal_to_fear-prejudice: you have to appeal to white guilt, 
Causal_Oversimplification: the legislature that write the bills is all Republican controlled., 
Doubt: Is he ready to be the Mayor?, 
Bandwagon: So, unless the legislature writes a bill, and it got voted on the floor, it cannot pass."
article999001033.txt,"Loaded_Language: f***ed up,, 
Loaded_Language: cracker state,, 
Loaded_Language: crazy crazy crazies, 
Name_Calling,Labeling: Gillum’s campaign promises are lies,, 
Name_Calling,Labeling: Democratic operatives, 
Repetition: that will never happen, 
Exaggeration,Minimisation: the strategy to change the Florida legislature is to take 'poor' and 'middle income' people and 'whip them up into a frenzy', 
Appeal_to_fear-prejudice: you have to appeal to white guilt, 
Doubt: Will there be wall-to-wall coverage in the media eviscerating Gillum for making promises he can’t keep?, 
Whataboutism: Will Gillum be asked to denounce his campaign staffer using a racial slur to demean white voters in Florida?"
article999001970.txt,"Loaded_Language: social justice crybullying,, 
Loaded_Language: the Left killed comedy,, 
Loaded_Language: Columbia snowflakes thought was offensive,, 
Loaded_Language: thought crimes,, 
Loaded_Language: un-safeness, 
Name_Calling,Labeling: Columbia snowflakes, 
Appeal_to_fear-prejudice: the Left killed comedy, 
Repetition: the real world,, 
Repetition: real world, 
Doubt: I can't imagine what they would have made of Richard Pryor, or at this point even, Chris Rock."
